first,last,pos,value,id,W,SV,SO,-ERA,-WHIP,QS(=1),H,BB,IPOuts,HBP,IBB,L,G,GS,CG,SHO,ER,HR,WP,BK,BFP,GF,R,age,years played,weight,height
David,Aardsma,P,3.35179195479,aardsda01,1,0,35,-4.7,-0.42391304347826086,1,25.0,14.0,92.0,1.0,3.0,1.0,33.0,0.0,0.0,0.0,16.0,6.0,1.0,0.0,129.0,9.0,17.0,34,11,220,75
Nathan,Adcock,P,1.24136158825,adcocna01,1,0,13,-6.0,-0.5,1,15.0,12.0,54.0,1.0,0.0,2.0,13.0,0.0,0.0,0.0,12.0,3.0,1.0,0.0,83.0,4.0,12.0,27,4,235,76
Jeremy,Affeldt,P,1.99950647903,affelje01,2,0,21,-5.86,-0.5377358490566038,1,43.0,14.0,106.0,2.0,2.0,2.0,52.0,0.0,0.0,0.0,23.0,6.0,1.0,0.0,163.0,7.0,24.0,36,13,225,76
Dario,Alvarez,P,0.189267037667,alvarda01,1,0,2,-12.27,-0.5454545454545454,1,5.0,1.0,11.0,2.0,0.0,0.0,6.0,0.0,0.0,0.0,5.0,2.0,0.0,1.0,19.0,0.0,5.0,26,1,170,73
Henderson,Alvarez,P,0.86723469039,alvarhe01,0,0,9,-6.45,-0.5223880597014925,1,28.0,7.0,67.0,0.0,1.0,4.0,4.0,4.0,0.0,0.0,16.0,1.0,3.0,1.0,102.0,0.0,18.0,25,4,205,72
Alexi,Amarista,OF,0.0,amarial01,0,0,0,-0.0,-0.0,1,0.0,0.0,1.0,0.0,0.0,0.0,1.0,0.0,0.0,0.0,0.0,0.0,0.0,0.0,1.0,1.0,0.0,26,4,160,66
Brett,Anderson,P,11.0388879714,anderbr04,10,0,116,-3.69,-0.4436229205175601,1,194.0,46.0,541.0,2.0,2.0,9.0,31.0,31.0,1.0,0.0,74.0,18.0,4.0,2.0,750.0,0.0,82.0,27,6,240,75
Chase,Anderson,P,10.5972957159,anderch01,6,0,111,-4.3,-0.43231441048034935,1,158.0,40.0,458.0,7.0,2.0,6.0,27.0,27.0,0.0,0.0,73.0,18.0,3.0,0.0,640.0,0.0,75.0,28,1,194,73
Elvis,Araujo,P,3.24562844241,araujel01,2,0,34,-3.38,-0.46153846153846156,1,29.0,19.0,104.0,0.0,1.0,1.0,40.0,0.0,0.0,0.0,13.0,1.0,2.0,0.0,151.0,5.0,17.0,24,0,270,79
Jake,Arrieta,P,22.4395685455,arrieja01,22,0,236,-1.77,-0.28820960698689957,1,150.0,48.0,687.0,6.0,2.0,6.0,33.0,33.0,4.0,3.0,45.0,10.0,6.0,0.0,870.0,0.0,52.0,29,5,225,76
Alec,Asher,P,1.54055302253,asheral01,0,0,16,-9.31,-0.5977011494252874,1,42.0,10.0,87.0,1.0,0.0,6.0,7.0,7.0,0.0,0.0,30.0,8.0,2.0,2.0,138.0,0.0,30.0,24,0,230,76
Phillippe,Aumont,P,0.295380575498,aumonph01,0,0,3,-13.5,-1.0,1,5.0,7.0,12.0,0.0,0.0,1.0,1.0,1.0,0.0,0.0,6.0,2.0,1.0,0.0,23.0,0.0,6.0,26,3,240,79
Luis,Avilan,P,2.95785510317,avilalu01,2,0,31,-3.58,-0.39823008849557523,1,35.0,10.0,113.0,0.0,2.0,4.0,50.0,0.0,0.0,0.0,15.0,4.0,1.0,1.0,154.0,7.0,15.0,26,3,220,74
Luis,Avilan,P,1.73017712266,avilalu01,0,0,18,-5.17,-0.3829787234042553,1,13.0,5.0,47.0,1.0,0.0,1.0,23.0,0.0,0.0,0.0,9.0,2.0,1.0,0.0,66.0,2.0,9.0,26,3,220,74
Dylan,Axelrod,P,1.15559106598,axelrdy01,0,0,12,-7.3,-0.5135135135135135,1,11.0,8.0,37.0,0.0,2.0,1.0,6.0,0.0,0.0,0.0,10.0,5.0,0.0,0.0,59.0,3.0,13.0,30,4,185,72
John,Axford,P,25.3485091661,axforjo01,4,25,62,-4.2,-0.5269461077844312,1,56.0,32.0,167.0,0.0,4.0,5.0,60.0,0.0,0.0,0.0,26.0,4.0,1.0,0.0,250.0,43.0,27.0,32,6,220,77
Burke,Badenhop,P,3.4378567716,badenbu01,2,0,36,-3.93,-0.457286432160804,1,71.0,20.0,199.0,0.0,4.0,4.0,68.0,0.0,0.0,0.0,29.0,4.0,0.0,0.0,285.0,17.0,30.0,32,7,210,77
Pedro,Baez,P,5.7216716881,baezpe01,4,0,60,-3.35,-0.3790849673202614,1,47.0,11.0,153.0,1.0,1.0,2.0,52.0,0.0,0.0,0.0,19.0,4.0,1.0,1.0,208.0,8.0,22.0,27,1,230,72
Homer,Bailey,P,0.290971710104,baileho02,0,0,3,-5.56,-0.5882352941176471,1,16.0,4.0,34.0,0.0,2.0,1.0,2.0,2.0,0.0,0.0,7.0,3.0,0.0,0.0,51.0,0.0,7.0,29,8,225,76
Scott,Baker,P,0.770873429438,bakersc02,0,0,8,-5.73,-0.42424242424242425,1,11.0,3.0,33.0,0.0,0.0,1.0,2.0,2.0,0.0,0.0,7.0,4.0,1.0,0.0,45.0,0.0,7.0,34,10,215,76
Collin,Balester,P,1.24217783915,balesco01,1,0,13,-7.47,-0.6382978723404256,1,17.0,13.0,47.0,1.0,0.0,1.0,15.0,0.0,0.0,0.0,13.0,3.0,1.0,0.0,77.0,5.0,13.0,29,7,190,76
Manny,Banuelos,P,1.81664728855,banuema01,1,0,19,-5.13,-0.5316455696202531,1,30.0,12.0,79.0,3.0,0.0,4.0,7.0,6.0,0.0,0.0,15.0,4.0,1.0,0.0,121.0,0.0,17.0,24,0,205,70
Kyle,Barraclough,P,2.86134391859,barraky01,2,0,30,-2.59,-0.410958904109589,1,12.0,18.0,73.0,0.0,2.0,1.0,25.0,0.0,0.0,0.0,7.0,1.0,1.0,0.0,98.0,5.0,8.0,25,0,225,75
Aaron,Barrett,P,3.33279825193,barreaa01,3,0,35,-4.6,-0.3977272727272727,1,28.0,7.0,88.0,3.0,0.0,3.0,40.0,0.0,0.0,0.0,15.0,1.0,1.0,0.0,123.0,8.0,15.0,27,1,225,75
Yhonathan,Barrios,P,0.67173025216,barriyh01,0,0,7,-0.0,-0.15,1,3.0,0.0,20.0,0.0,0.0,0.0,5.0,0.0,0.0,0.0,0.0,0.0,0.0,0.0,22.0,2.0,0.0,24,0,200,70
Antonio,Bastardo,P,6.88268979825,bastaan01,4,1,64,-2.98,-0.37790697674418605,1,39.0,26.0,172.0,3.0,2.0,1.0,66.0,0.0,0.0,0.0,19.0,4.0,8.0,0.0,239.0,18.0,19.0,30,6,205,71
Brandon,Beachy,P,0.484182872002,beachbr01,0,0,5,-7.88,-0.6666666666666666,1,10.0,6.0,24.0,0.0,2.0,1.0,2.0,2.0,0.0,0.0,7.0,1.0,0.0,0.0,39.0,0.0,7.0,29,5,215,74
Dallas,Beeler,P,0.677127502995,beeleda01,0,0,7,-9.72,-0.84,1,14.0,7.0,25.0,0.0,2.0,1.0,3.0,3.0,0.0,0.0,9.0,0.0,0.0,0.0,46.0,0.0,11.0,26,1,210,77
Matt,Belisle,P,2.39105010523,belisma01,1,0,25,-2.67,-0.48514851485148514,1,34.0,15.0,101.0,3.0,2.0,1.0,34.0,0.0,0.0,0.0,10.0,1.0,0.0,0.0,149.0,10.0,10.0,35,12,225,76
Joaquin,Benoit,P,7.54481248621,benoijo01,6,2,63,-2.34,-0.3010204081632653,1,36.0,23.0,196.0,2.0,1.0,5.0,67.0,0.0,0.0,0.0,17.0,7.0,2.0,0.0,254.0,11.0,17.0,38,14,250,76
Christian,Bergman,P,3.5247989193,bergmch01,3,0,37,-4.74,-0.47317073170731705,1,82.0,15.0,205.0,0.0,1.0,1.0,30.0,4.0,0.0,0.0,36.0,8.0,4.0,0.0,286.0,6.0,36.0,27,1,195,73
Rafael,Betancourt,P,4.60032969628,betanra01,2,1,40,-6.18,-0.4661016949152542,1,43.0,12.0,118.0,0.0,4.0,4.0,45.0,0.0,0.0,0.0,27.0,4.0,0.0,0.0,175.0,9.0,29.0,40,12,215,74
Chad,Bettis,P,9.33081963151,bettich01,8,0,98,-4.23,-0.46956521739130436,1,120.0,42.0,345.0,3.0,2.0,6.0,20.0,20.0,0.0,0.0,54.0,11.0,6.0,0.0,502.0,0.0,56.0,26,2,200,73
Chad,Billingsley,P,1.42372658601,billich01,2,0,15,-5.84,-0.5495495495495496,1,53.0,8.0,111.0,1.0,0.0,3.0,7.0,7.0,0.0,0.0,24.0,5.0,2.0,0.0,165.0,0.0,26.0,31,9,240,73
Joe,Blanton,P,3.69602345839,blantjo01,5,0,39,-1.57,-0.33980582524271846,1,26.0,9.0,103.0,1.0,4.0,0.0,21.0,0.0,0.0,0.0,6.0,1.0,2.0,0.0,137.0,7.0,7.0,35,11,215,75
Michael,Blazek,P,4.46419270968,blazemi01,5,0,47,-2.43,-0.3473053892215569,1,40.0,18.0,167.0,1.0,1.0,3.0,45.0,0.0,0.0,0.0,15.0,3.0,3.0,0.0,222.0,17.0,17.0,26,2,205,72
Jerry,Blevins,P,0.374376770585,blevije01,1,0,4,-0.0,-0.0,1,0.0,0.0,15.0,0.0,0.0,0.0,7.0,0.0,0.0,0.0,0.0,0.0,0.0,0.0,15.0,1.0,0.0,32,8,190,78
Brett,Bochy,P,0.287884393783,bochybr02,0,0,3,-0.0,-0.2222222222222222,1,1.0,1.0,9.0,1.0,0.0,0.0,4.0,0.0,0.0,0.0,0.0,0.0,1.0,0.0,12.0,1.0,0.0,28,1,200,74
Mike,Bolsinger,P,9.34941909073,bolsimi01,6,0,98,-3.62,-0.45426829268292684,1,104.0,45.0,328.0,1.0,3.0,6.0,21.0,21.0,0.0,0.0,44.0,11.0,6.0,1.0,466.0,0.0,49.0,27,1,215,73
Silvino,Bracho,P,2.40953329895,brachsi01,0,1,17,-1.46,-0.35135135135135137,1,9.0,4.0,37.0,1.0,1.0,0.0,13.0,0.0,0.0,0.0,2.0,2.0,1.0,0.0,50.0,3.0,2.0,23,0,190,70
Archie,Bradley,P,2.19139609186,bradlar01,2,0,23,-5.8,-0.5420560747663551,1,36.0,22.0,107.0,2.0,1.0,3.0,8.0,8.0,0.0,0.0,23.0,3.0,0.0,0.0,161.0,0.0,23.0,23,0,230,76
Jake,Brigham,P,1.15633513143,brighja01,0,0,12,-8.64,-0.72,1,28.0,8.0,50.0,1.0,1.0,1.0,12.0,0.0,0.0,0.0,16.0,1.0,2.0,0.0,84.0,4.0,16.0,27,0,210,75
Mike,Broadway,P,1.25038090514,broadmi01,0,0,13,-5.19,-0.5192307692307693,1,20.0,7.0,52.0,1.0,1.0,2.0,21.0,0.0,0.0,0.0,10.0,1.0,0.0,1.0,77.0,5.0,10.0,28,0,215,77
Rex,Brothers,P,0.471304409712,brothre01,1,0,5,-1.74,-0.5483870967741935,1,9.0,8.0,31.0,0.0,0.0,0.0,17.0,0.0,0.0,0.0,2.0,0.0,1.0,0.0,46.0,1.0,2.0,28,4,210,72
Brooks,Brown,P,1.91248659315,brownbr02,1,0,20,-4.91,-0.48484848484848486,1,32.0,16.0,99.0,1.0,0.0,3.0,36.0,0.0,0.0,0.0,18.0,2.0,2.0,0.0,147.0,7.0,18.0,30,1,205,75
Jonathan,Broxton,P,3.54437565851,broxtjo01,1,0,37,-5.89,-0.4636363636363636,1,41.0,10.0,110.0,0.0,1.0,2.0,40.0,0.0,0.0,0.0,24.0,5.0,0.0,0.0,156.0,10.0,24.0,31,10,305,76
Jonathan,Broxton,P,2.46806784151,broxtjo01,3,0,26,-2.66,-0.4507042253521127,1,20.0,12.0,71.0,0.0,0.0,3.0,26.0,0.0,0.0,0.0,7.0,2.0,0.0,0.0,101.0,5.0,8.0,31,10,305,76
David,Buchanan,P,4.20724762287,buchada01,2,0,44,-6.99,-0.6160714285714286,1,109.0,29.0,224.0,3.0,1.0,9.0,15.0,15.0,0.0,0.0,58.0,12.0,2.0,0.0,351.0,0.0,60.0,26,1,200,75
Madison,Bumgarner,P,22.2861660839,bumgama01,18,0,234,-2.93,-0.33587786259541985,1,181.0,39.0,655.0,7.0,2.0,9.0,32.0,32.0,4.0,2.0,71.0,21.0,1.0,0.0,869.0,0.0,73.0,26,6,235,77
Danny,Burawa,P,0.961641391369,burawda01,0,0,10,-3.65,-0.32432432432432434,1,8.0,4.0,37.0,1.0,0.0,0.0,12.0,0.0,0.0,0.0,5.0,1.0,0.0,0.0,48.0,4.0,5.0,27,0,210,74
Enrique,Burgos,P,5.28090747256,burgoen02,2,2,39,-4.67,-0.5185185185185185,1,27.0,15.0,81.0,0.0,0.0,2.0,30.0,0.0,0.0,0.0,14.0,2.0,6.0,0.0,121.0,8.0,15.0,25,0,250,75
A. J.,Burnett,P,13.6390334141,burneaj01,9,0,143,-3.18,-0.4532520325203252,1,174.0,49.0,492.0,11.0,2.0,7.0,26.0,26.0,0.0,0.0,58.0,11.0,6.0,1.0,699.0,0.0,64.0,38,16,230,76
Eddie,Butler,P,4.19717328782,butleed01,3,0,44,-5.9,-0.6050420168067226,1,102.0,42.0,238.0,4.0,4.0,10.0,16.0,16.0,1.0,0.0,52.0,13.0,0.0,0.0,370.0,0.0,57.0,24,1,180,74
Trevor,Cahill,P,1.34763615517,cahiltr01,0,0,14,-7.52,-0.5949367088607594,1,36.0,11.0,79.0,1.0,1.0,3.0,15.0,3.0,0.0,0.0,22.0,2.0,1.0,0.0,124.0,6.0,23.0,27,6,240,76
Trevor,Cahill,P,2.10286031145,cahiltr01,1,0,22,-2.12,-0.2549019607843137,1,8.0,5.0,51.0,1.0,0.0,0.0,11.0,0.0,0.0,0.0,4.0,2.0,1.0,0.0,63.0,0.0,4.0,27,6,240,76
Matt,Cain,P,3.91869690183,cainma01,2,0,41,-5.79,-0.5,1,71.0,20.0,182.0,4.0,0.0,4.0,13.0,11.0,0.0,0.0,39.0,12.0,1.0,0.0,271.0,0.0,39.0,31,10,230,75
Arquimedes,Caminero,P,6.95985156367,caminar01,5,0,73,-3.62,-0.4107142857142857,1,63.0,29.0,224.0,6.0,2.0,1.0,73.0,0.0,0.0,0.0,30.0,7.0,6.0,1.0,318.0,19.0,31.0,28,2,245,76
Leonel,Campos,P,0.100958919071,campole01,0,0,1,-9.0,-0.6666666666666666,1,1.0,1.0,3.0,0.0,0.0,0.0,1.0,0.0,0.0,0.0,1.0,0.0,0.0,0.0,5.0,0.0,1.0,28,1,200,74
Carter,Capps,P,5.55693997503,cappsca01,1,0,58,-1.16,-0.26881720430107525,1,18.0,7.0,93.0,2.0,0.0,0.0,30.0,0.0,0.0,0.0,4.0,2.0,2.0,0.0,118.0,8.0,5.0,25,3,220,77
Buddy,Carlyle,P,1.34680358787,carlybu01,1,1,6,-5.63,-0.375,1,8.0,1.0,24.0,0.0,0.0,0.0,11.0,0.0,0.0,0.0,5.0,0.0,1.0,0.0,32.0,1.0,5.0,38,16,210,75
David,Carpenter,P,0.384678767456,carpeda01,0,0,4,-1.5,-0.3888888888888889,1,5.0,2.0,18.0,0.0,0.0,0.0,8.0,0.0,0.0,0.0,1.0,1.0,1.0,0.0,25.0,3.0,1.0,30,4,230,74
David,Carpenter,P,0.483894130188,carpeda02,0,0,5,-7.36,-0.5454545454545454,1,6.0,0.0,11.0,0.0,0.0,0.0,4.0,0.0,0.0,0.0,3.0,2.0,0.0,0.0,17.0,1.0,3.0,28,3,180,75
Andrew,Cashner,P,15.7792370149,cashnan01,6,0,165,-4.34,-0.48014440433212996,1,200.0,66.0,554.0,6.0,2.0,16.0,31.0,31.0,0.0,0.0,89.0,19.0,3.0,0.0,804.0,0.0,111.0,29,5,225,77
Miguel,Castro,P,0.581393700215,castrmi01,0,0,6,-10.13,-0.625,1,6.0,4.0,16.0,0.0,0.0,1.0,5.0,0.0,0.0,0.0,6.0,2.0,0.0,0.0,26.0,3.0,6.0,21,0,190,77
Simon,Castro,P,0.848102169355,castrsi01,2,0,9,-6.1,-0.5161290322580645,1,11.0,5.0,31.0,1.0,0.0,0.0,11.0,0.0,0.0,0.0,7.0,0.0,0.0,0.0,47.0,2.0,7.0,27,2,230,77
Xavier,Cedeno,P,0.387177494695,cedenxa01,0,0,4,-6.0,-0.5555555555555556,1,3.0,2.0,9.0,1.0,0.0,0.0,5.0,0.0,0.0,0.0,2.0,1.0,2.0,0.0,15.0,1.0,2.0,29,4,215,72
Jhoulys,Chacin,P,1.99812940269,chacijh01,2,0,21,-3.38,-0.425,1,24.0,10.0,80.0,0.0,0.0,1.0,5.0,4.0,0.0,0.0,10.0,4.0,0.0,0.0,111.0,0.0,11.0,27,6,215,75
Andrew,Chafin,P,7.07470746558,chafian01,5,2,58,-2.76,-0.38222222222222224,1,56.0,30.0,225.0,1.0,6.0,1.0,66.0,0.0,0.0,0.0,23.0,3.0,2.0,0.0,306.0,6.0,23.0,25,1,225,74
Aroldis,Chapman,P,36.7480228248,chapmar01,4,33,116,-1.63,-0.38190954773869346,1,43.0,33.0,199.0,5.0,1.0,4.0,65.0,0.0,0.0,0.0,12.0,3.0,7.0,0.0,278.0,54.0,13.0,27,5,215,76
Randy,Choate,P,2.88125416321,choatra01,1,1,22,-3.95,-0.4146341463414634,1,29.0,5.0,82.0,6.0,0.0,0.0,71.0,0.0,0.0,0.0,12.0,2.0,1.0,0.0,117.0,4.0,14.0,40,15,205,73
Tony,Cingrani,P,3.7456455155,cingrto01,0,0,39,-5.67,-0.56,1,31.0,25.0,100.0,3.0,3.0,3.0,35.0,1.0,0.0,0.0,21.0,3.0,2.0,1.0,155.0,7.0,21.0,26,3,210,76
Steve,Cishek,P,5.00261466834,cishest01,2,3,28,-4.5,-0.53125,1,37.0,14.0,96.0,0.0,3.0,6.0,32.0,0.0,0.0,0.0,16.0,2.0,0.0,0.0,144.0,15.0,19.0,29,5,215,78
Steve,Cishek,P,2.69788967455,cishest01,0,1,20,-2.31,-0.44285714285714284,1,18.0,13.0,70.0,1.0,0.0,0.0,27.0,0.0,0.0,0.0,6.0,2.0,1.0,0.0,99.0,8.0,7.0,29,5,215,78
Tyler,Clippard,P,4.01357626817,clippty01,4,2,26,-3.06,-0.35051546391752575,1,24.0,10.0,97.0,2.0,1.0,1.0,32.0,0.0,0.0,0.0,11.0,5.0,5.0,0.0,134.0,6.0,13.0,30,8,200,75
Phil,Coke,P,0.867151399482,cokeph01,0,0,9,-6.3,-0.5666666666666667,1,14.0,3.0,30.0,0.0,2.0,0.0,16.0,0.0,0.0,0.0,7.0,1.0,0.0,0.0,45.0,2.0,7.0,33,7,210,73
A. J.,Cole,P,1.64424591308,coleaj01,0,1,9,-5.79,-0.5357142857142857,1,14.0,1.0,28.0,0.0,1.0,0.0,3.0,1.0,0.0,0.0,6.0,1.0,1.0,0.0,44.0,1.0,11.0,23,0,200,77
Gerrit,Cole,P,19.2057468891,colege01,19,0,202,-2.6,-0.36378205128205127,1,183.0,44.0,624.0,10.0,1.0,8.0,32.0,32.0,0.0,0.0,60.0,11.0,7.0,0.0,832.0,0.0,71.0,25,2,230,76
Josh,Collmenter,P,6.78717810456,collmjo01,4,1,63,-3.79,-0.4214876033057851,1,129.0,24.0,363.0,1.0,2.0,6.0,44.0,12.0,1.0,1.0,51.0,18.0,1.0,0.0,499.0,19.0,53.0,29,4,235,76
Bartolo,Colon,P,12.9205018902,colonba01,14,0,136,-4.16,-0.4126712328767123,1,217.0,24.0,584.0,4.0,5.0,13.0,33.0,31.0,1.0,1.0,90.0,25.0,0.0,0.0,815.0,1.0,94.0,42,18,285,71
Adam,Conley,P,5.62593788532,conlead01,4,0,59,-3.76,-0.42786069651741293,1,65.0,21.0,201.0,3.0,1.0,1.0,15.0,11.0,0.0,0.0,28.0,7.0,0.0,0.0,281.0,1.0,28.0,25,0,185,75
Carlos,Contreras,P,1.8259442418,contrca01,0,0,19,-4.82,-0.5,1,22.0,20.0,84.0,1.0,0.0,0.0,22.0,0.0,0.0,0.0,15.0,3.0,3.0,0.0,125.0,8.0,16.0,24,1,215,71
Tim,Cooney,P,2.77516804724,cooneti01,1,0,29,-3.16,-0.40425531914893614,1,28.0,10.0,94.0,1.0,2.0,0.0,6.0,6.0,0.0,0.0,11.0,3.0,1.0,0.0,130.0,0.0,12.0,25,0,195,75
Patrick,Corbin,P,7.43017869339,corbipa01,6,0,78,-3.6,-0.4235294117647059,1,91.0,17.0,255.0,2.0,0.0,5.0,16.0,16.0,0.0,0.0,34.0,9.0,4.0,0.0,357.0,0.0,34.0,26,3,210,75
Erik,Cordier,P,0.674973044842,cordier01,0,0,7,-5.84,-0.5135135135135135,1,13.0,6.0,37.0,1.0,1.0,0.0,8.0,0.0,0.0,0.0,8.0,1.0,0.0,1.0,56.0,0.0,8.0,29,1,215,76
John,Cornely,P,0.115951282501,cornejo01,0,0,1,-36.0,-1.3333333333333333,1,3.0,1.0,3.0,0.0,0.0,0.0,1.0,0.0,0.0,0.0,4.0,1.0,0.0,0.0,7.0,1.0,4.0,26,0,205,73
Kevin,Correia,P,1.34710309336,correke01,0,0,14,-6.56,-0.6428571428571429,1,37.0,8.0,70.0,0.0,0.0,3.0,5.0,5.0,0.0,0.0,17.0,4.0,0.0,0.0,114.0,0.0,23.0,35,12,200,75
Jarred,Cosart,P,4.49376049304,cosarja01,2,0,47,-4.52,-0.45933014354066987,1,63.0,33.0,209.0,1.0,1.0,5.0,14.0,13.0,0.0,0.0,35.0,10.0,7.0,0.0,296.0,0.0,35.0,25,2,195,75
Neal,Cotts,P,4.69445286639,cottsne01,1,0,49,-3.26,-0.40939597315436244,1,44.0,17.0,149.0,3.0,2.0,0.0,51.0,0.0,0.0,0.0,18.0,9.0,2.0,0.0,209.0,9.0,18.0,35,12,200,74
Daniel,Coulombe,P,0.67592811392,couloda01,0,0,7,-7.56,-0.6,1,9.0,6.0,25.0,0.0,0.0,0.0,5.0,0.0,0.0,0.0,7.0,0.0,1.0,0.0,40.0,3.0,7.0,26,1,190,70
Tyler,Cravy,P,3.3618163153,cravyty01,0,0,35,-5.7,-0.5390625,1,47.0,22.0,128.0,2.0,1.0,8.0,14.0,7.0,0.0,0.0,27.0,5.0,0.0,0.0,193.0,1.0,30.0,26,0,210,74
Johnny,Cueto,P,11.4505469513,cuetojo01,7,0,120,-2.62,-0.3112244897959184,1,93.0,29.0,392.0,6.0,1.0,6.0,19.0,19.0,1.0,1.0,38.0,11.0,0.0,4.0,516.0,0.0,42.0,29,7,220,71
Brandon,Cunniff,P,3.5342069271,cunnibr02,2,0,37,-4.63,-0.4666666666666667,1,27.0,22.0,105.0,0.0,2.0,2.0,39.0,0.0,0.0,0.0,18.0,4.0,1.0,0.0,151.0,12.0,20.0,27,0,185,72
Zach,Davies,P,2.27672794868,davieza01,3,0,24,-3.71,-0.4019607843137255,1,26.0,15.0,102.0,0.0,0.0,2.0,6.0,6.0,0.0,0.0,14.0,2.0,0.0,0.0,139.0,0.0,14.0,22,0,160,72
Jaff,Decker,OF,0.0,deckeja01,0,0,0,-0.0,-0.6666666666666666,1,2.0,0.0,3.0,0.0,0.0,0.0,1.0,0.0,0.0,0.0,0.0,0.0,0.0,0.0,5.0,1.0,0.0,25,2,190,69
Justin,De Fratus,P,6.52843914509,defraju01,0,0,68,-5.51,-0.5166666666666667,1,92.0,32.0,240.0,5.0,2.0,2.0,61.0,0.0,0.0,0.0,49.0,9.0,7.0,0.0,362.0,16.0,52.0,28,4,225,76
Jacob,deGrom,P,19.5409434054,degroja01,14,0,205,-2.54,-0.3263525305410122,1,149.0,38.0,573.0,2.0,2.0,8.0,30.0,30.0,0.0,0.0,54.0,16.0,6.0,0.0,751.0,0.0,59.0,27,1,180,76
Jorge,De La Rosa,P,12.7759299527,delarjo01,9,0,134,-4.17,-0.4519015659955257,1,137.0,65.0,447.0,3.0,3.0,7.0,26.0,26.0,1.0,0.0,69.0,17.0,6.0,2.0,635.0,0.0,73.0,34,11,215,73
Rubby,De La Rosa,P,14.2642455837,delarru01,14,0,150,-4.67,-0.45229681978798586,1,193.0,63.0,566.0,4.0,3.0,9.0,32.0,32.0,0.0,0.0,98.0,32.0,2.0,2.0,809.0,0.0,103.0,26,4,225,73
Randall,Delgado,P,7.70861655207,delgara01,8,1,73,-3.25,-0.4444444444444444,1,63.0,33.0,216.0,1.0,2.0,4.0,64.0,1.0,0.0,0.0,26.0,7.0,7.0,0.0,308.0,13.0,28.0,25,4,220,76
Abel,De Los Santos,P,0.290882866469,delosab01,0,0,3,-5.4,-0.6,1,2.0,1.0,5.0,0.0,0.0,0.0,2.0,0.0,0.0,0.0,1.0,1.0,0.0,0.0,8.0,2.0,1.0,23,0,200,74
Chris,Denorfia,OF,0.0,denorch01,0,0,0,-0.0,-0.0,1,0.0,0.0,1.0,0.0,0.0,0.0,1.0,0.0,0.0,0.0,0.0,0.0,0.0,0.0,1.0,1.0,0.0,35,10,195,72
Anthony,DeSclafani,P,14.4072082181,desclan01,9,0,151,-4.05,-0.44945848375451264,1,194.0,55.0,554.0,5.0,5.0,13.0,31.0,31.0,0.0,0.0,83.0,17.0,6.0,0.0,785.0,0.0,93.0,25,1,190,73
Odrisamer,Despaigne,P,6.57721619982,despaod01,5,0,69,-5.8,-0.46153846153846156,1,142.0,32.0,377.0,9.0,3.0,9.0,34.0,18.0,0.0,0.0,81.0,17.0,7.0,0.0,547.0,5.0,82.0,28,1,205,72
Ross,Detwiler,P,1.24226668278,detwiro01,1,0,13,-7.63,-0.782608695652174,1,20.0,16.0,46.0,3.0,1.0,0.0,24.0,0.0,0.0,0.0,13.0,1.0,0.0,0.0,80.0,3.0,14.0,29,8,215,75
Jairo,Diaz,P,1.72862235904,diazja01,0,0,18,-2.37,-0.38596491228070173,1,16.0,6.0,57.0,0.0,0.0,1.0,21.0,0.0,0.0,0.0,5.0,2.0,0.0,0.0,78.0,5.0,6.0,24,1,200,72
Jumbo,Diaz,P,7.47806308866,diazju03,2,1,70,-4.18,-0.4198895027624309,1,58.0,18.0,181.0,3.0,3.0,1.0,61.0,0.0,0.0,0.0,28.0,9.0,5.0,1.0,255.0,16.0,29.0,31,1,280,76
Jake,Diekman,P,4.68603324404,diekmja01,2,0,49,-5.15,-0.5818181818181818,1,40.0,24.0,110.0,2.0,0.0,1.0,41.0,0.0,0.0,0.0,21.0,3.0,1.0,0.0,175.0,6.0,23.0,28,3,205,76
Mike,Dunn,P,6.22105575028,dunnmi01,2,0,65,-4.5,-0.46296296296296297,1,46.0,29.0,162.0,2.0,1.0,5.0,72.0,0.0,0.0,0.0,27.0,6.0,2.0,0.0,235.0,9.0,27.0,30,6,210,72
Sam,Dyson,P,3.9080561886,dysonsa01,3,0,41,-3.68,-0.4393939393939394,1,41.0,17.0,132.0,3.0,1.0,3.0,44.0,0.0,0.0,0.0,18.0,3.0,6.0,0.0,190.0,10.0,21.0,27,3,210,73
Carl,Edwards,P,0.385989211075,edwarca01,0,0,4,-3.86,-0.42857142857142855,1,3.0,3.0,14.0,0.0,0.0,0.0,5.0,0.0,0.0,0.0,2.0,0.0,0.0,0.0,19.0,3.0,3.0,24,0,170,75
Jon,Edwards,P,1.5372602553,edwarjo02,0,0,16,-3.38,-0.4375,1,6.0,8.0,32.0,0.0,0.0,0.0,11.0,0.0,0.0,0.0,4.0,3.0,1.0,0.0,44.0,5.0,4.0,27,1,235,77
Jerad,Eickhoff,P,4.67517597445,eickhje01,3,0,49,-2.65,-0.3464052287581699,1,40.0,13.0,153.0,0.0,0.0,3.0,8.0,8.0,0.0,0.0,15.0,5.0,1.0,0.0,203.0,0.0,16.0,25,0,240,76
Brian,Ellington,P,1.70996737255,ellinbr02,2,0,18,-2.88,-0.4,1,17.0,13.0,75.0,2.0,2.0,1.0,23.0,0.0,0.0,0.0,8.0,1.0,1.0,0.0,105.0,9.0,10.0,25,0,195,76
Robbie,Erlin,P,0.952788656296,erlinro01,1,0,10,-4.76,-0.35294117647058826,1,16.0,2.0,51.0,1.0,0.0,2.0,3.0,3.0,0.0,0.0,9.0,1.0,1.0,0.0,65.0,0.0,9.0,25,2,195,72
Dana,Eveland,P,0.386844331063,evelada01,0,0,4,-5.4,-0.8,1,5.0,3.0,10.0,0.0,1.0,1.0,10.0,0.0,0.0,0.0,2.0,1.0,1.0,0.0,18.0,1.0,2.0,32,10,235,73
Jeurys,Familia,P,41.6620162493,familje01,2,43,86,-1.85,-0.3333333333333333,1,59.0,19.0,234.0,2.0,1.0,2.0,76.0,0.0,0.0,0.0,16.0,6.0,4.0,0.0,308.0,65.0,16.0,26,3,240,75
Jose,Fernandez,P,7.52576257254,fernajo02,6,0,79,-2.92,-0.3865979381443299,1,61.0,14.0,194.0,2.0,0.0,1.0,11.0,11.0,0.0,0.0,21.0,4.0,2.0,0.0,265.0,0.0,21.0,23,2,215,74
Mike,Fiers,P,11.5661517878,fiersmi01,5,0,121,-3.89,-0.4519774011299435,1,117.0,43.0,354.0,5.0,5.0,9.0,21.0,21.0,0.0,0.0,51.0,14.0,6.0,0.0,509.0,0.0,57.0,30,4,200,74
Brandon,Finnegan,P,2.28645801465,finnebr01,2,0,24,-4.18,-0.4084507042253521,1,21.0,8.0,71.0,0.0,0.0,2.0,6.0,4.0,0.0,0.0,11.0,5.0,0.0,0.0,98.0,0.0,11.0,22,1,185,71
Doug,Fister,P,6.77793112586,fistedo01,5,1,63,-4.19,-0.46601941747572817,1,120.0,24.0,309.0,6.0,3.0,7.0,25.0,15.0,0.0,0.0,48.0,14.0,1.0,0.0,449.0,2.0,56.0,31,6,210,80
Yohan,Flande,P,4.10056770687,flandyo01,3,0,43,-4.74,-0.47804878048780486,1,73.0,25.0,205.0,1.0,3.0,3.0,19.0,10.0,0.0,0.0,36.0,14.0,1.0,1.0,296.0,2.0,36.0,29,1,180,74
Kendry,Flores,P,0.856943798973,floreke01,1,0,9,-4.97,-0.5263157894736842,1,16.0,4.0,38.0,1.0,1.0,2.0,7.0,1.0,0.0,0.0,7.0,0.0,0.0,0.0,57.0,3.0,8.0,24,0,175,74
Mike,Foltynewicz,P,7.35432702982,foltymi01,4,0,77,-5.71,-0.5423076923076923,1,112.0,29.0,260.0,4.0,0.0,6.0,18.0,15.0,0.0,0.0,55.0,17.0,3.0,1.0,399.0,1.0,63.0,24,1,220,76
Jeff,Francoeur,OF,0.100958919071,francje02,0,0,1,-9.0,-0.6666666666666666,1,1.0,3.0,6.0,1.0,0.0,0.0,1.0,0.0,0.0,0.0,2.0,1.0,0.0,0.0,11.0,1.0,2.0,31,10,220,76
Jason,Frasor,P,0.383845858377,frasoja01,0,0,4,-0.0,-0.42857142857142855,1,3.0,3.0,14.0,0.0,1.0,0.0,6.0,0.0,0.0,0.0,0.0,0.0,0.0,0.0,20.0,0.0,0.0,38,11,180,69
Carlos,Frias,P,4.08125194584,friasca01,5,0,43,-4.06,-0.4892703862660944,1,88.0,26.0,233.0,3.0,1.0,5.0,17.0,13.0,0.0,0.0,35.0,7.0,3.0,0.0,333.0,1.0,38.0,26,1,195,76
Christian,Friedrich,P,4.32118108852,friedch01,0,0,45,-5.25,-0.5714285714285714,1,75.0,25.0,175.0,1.0,2.0,4.0,68.0,0.0,0.0,0.0,34.0,5.0,3.0,0.0,270.0,13.0,37.0,28,3,215,76
Frank,Garces,P,2.8817369087,garcefr01,0,0,30,-5.21,-0.5526315789473685,1,41.0,22.0,114.0,1.0,1.0,1.0,40.0,1.0,0.0,0.0,22.0,9.0,3.0,0.0,173.0,11.0,23.0,25,1,175,71
Santiago,Casilla,P,35.4536363664,garcija01,4,38,62,-2.79,-0.42528735632183906,1,51.0,23.0,174.0,2.0,2.0,2.0,67.0,0.0,0.0,0.0,18.0,6.0,1.0,0.0,244.0,55.0,19.0,35,11,210,72
Jaime,Garcia,P,9.21492050043,garcija02,10,0,97,-2.43,-0.3496143958868895,1,106.0,30.0,389.0,3.0,0.0,6.0,20.0,20.0,0.0,0.0,35.0,6.0,4.0,0.0,510.0,0.0,37.0,29,7,215,74
Luis,Garcia,P,7.56440033088,garcilu03,4,2,63,-3.51,-0.545,1,72.0,37.0,200.0,0.0,8.0,6.0,72.0,0.0,0.0,0.0,26.0,4.0,6.0,1.0,304.0,14.0,28.0,28,2,230,75
Yimi,Garcia,P,7.2762046426,garciyi01,3,1,68,-3.34,-0.3176470588235294,1,44.0,10.0,170.0,2.0,1.0,5.0,59.0,1.0,0.0,0.0,21.0,8.0,1.0,0.0,225.0,15.0,23.0,25,1,210,73
Matt,Garza,P,9.92630397646,garzama01,6,0,104,-5.63,-0.5224215246636771,1,176.0,57.0,446.0,2.0,3.0,14.0,26.0,25.0,0.0,0.0,93.0,23.0,7.0,0.0,666.0,1.0,102.0,32,9,215,76
Cory,Gearrin,P,0.482533712025,gearrco01,0,0,5,-4.91,-0.18181818181818182,1,1.0,1.0,11.0,0.0,0.0,0.0,7.0,0.0,0.0,0.0,2.0,0.0,0.0,0.0,13.0,0.0,2.0,29,4,215,75
Dillon,Gee,P,2.4023127239,geedi01,0,0,25,-5.9,-0.5546218487394958,1,55.0,11.0,119.0,1.0,3.0,3.0,8.0,7.0,0.0,0.0,26.0,5.0,0.0,0.0,183.0,0.0,29.0,29,5,205,73
Gonzalez,Germen,P,0.771856262151,germego01,0,0,8,-7.5,-0.7222222222222222,1,8.0,5.0,18.0,0.0,2.0,0.0,6.0,0.0,0.0,0.0,5.0,0.0,0.0,0.0,29.0,2.0,5.0,28,2,200,73
Gonzalez,Germen,P,3.17855767024,germego01,0,1,25,-3.86,-0.5510204081632653,1,33.0,21.0,98.0,0.0,1.0,0.0,29.0,1.0,0.0,0.0,14.0,4.0,3.0,0.0,147.0,3.0,14.0,28,2,200,73
Ken,Giles,P,19.9534979241,gileske01,6,15,87,-1.8,-0.4,1,59.0,25.0,210.0,1.0,2.0,3.0,69.0,0.0,0.0,0.0,14.0,2.0,1.0,0.0,298.0,28.0,23.0,25,1,205,74
Sean,Gilmartin,P,5.15499440288,gilmase01,3,0,54,-2.67,-0.3953488372093023,1,50.0,18.0,172.0,2.0,5.0,2.0,50.0,1.0,0.0,0.0,17.0,2.0,1.0,0.0,235.0,13.0,17.0,25,0,205,74
Zack,Godley,P,3.21711567722,godleza01,5,0,34,-3.19,-0.41818181818181815,1,29.0,17.0,110.0,3.0,1.0,1.0,9.0,6.0,0.0,0.0,13.0,4.0,2.0,0.0,150.0,1.0,13.0,25,0,245,75
Erik,Goeddel,P,3.25457002112,goedder01,1,0,34,-2.43,-0.33,1,24.0,9.0,100.0,2.0,2.0,1.0,35.0,0.0,0.0,0.0,9.0,1.0,2.0,0.0,132.0,9.0,9.0,27,1,190,75
David,Goforth,P,2.29583270608,goforda01,1,0,24,-4.01,-0.5405405405405406,1,32.0,8.0,74.0,0.0,2.0,0.0,20.0,0.0,0.0,0.0,11.0,4.0,2.0,0.0,111.0,9.0,13.0,27,0,205,70
Jonny,Gomes,OF,0.105956373547,gomesjo01,0,0,1,-18.0,-1.0,1,3.0,0.0,3.0,0.0,0.0,0.0,1.0,0.0,0.0,0.0,2.0,1.0,0.0,0.0,6.0,1.0,2.0,35,12,230,73
Jeanmar,Gomez,P,4.78080642502,gomezje01,2,0,50,-3.01,-0.4419642857142857,1,82.0,17.0,224.0,2.0,4.0,3.0,65.0,0.0,0.0,0.0,25.0,4.0,3.0,0.0,319.0,21.0,28.0,27,5,220,75
Gio,Gonzalez,P,16.1154320343,gonzagi01,11,0,169,-3.79,-0.47438330170777987,1,181.0,69.0,527.0,4.0,3.0,8.0,31.0,31.0,0.0,0.0,74.0,8.0,4.0,0.0,758.0,0.0,79.0,30,7,210,72
Marco,Gonzales,P,0.103457646309,gonzama02,0,0,1,-13.5,-1.0,1,7.0,1.0,8.0,0.0,0.0,0.0,1.0,1.0,0.0,0.0,4.0,1.0,0.0,0.0,16.0,0.0,4.0,23,1,195,73
Severino,Gonzalez,P,2.6629115052,gonzase01,3,0,28,-7.92,-0.5543478260869565,1,44.0,7.0,92.0,4.0,0.0,3.0,7.0,7.0,0.0,0.0,27.0,5.0,0.0,1.0,143.0,0.0,27.0,23,0,155,74
Matt,Grace,P,1.32687668507,gracema02,2,0,14,-4.24,-0.6666666666666666,1,26.0,8.0,51.0,1.0,2.0,1.0,26.0,0.0,0.0,0.0,8.0,0.0,1.0,0.0,84.0,5.0,11.0,27,0,205,75
Jon,Gray,P,3.84152924191,grayjo02,0,0,40,-5.53,-0.5409836065573771,1,52.0,14.0,122.0,2.0,2.0,2.0,9.0,9.0,0.0,0.0,25.0,4.0,3.0,0.0,185.0,0.0,26.0,24,0,235,76
Kevin,Gregg,P,1.34908541697,greggke01,0,0,14,-10.13,-0.5625,1,13.0,5.0,32.0,0.0,0.0,2.0,11.0,0.0,0.0,0.0,12.0,3.0,1.0,0.0,51.0,2.0,12.0,37,12,245,78
Zack,Greinke,P,19.0133020035,greinza01,19,0,200,-1.66,-0.281437125748503,1,148.0,40.0,668.0,5.0,1.0,3.0,32.0,32.0,1.0,0.0,41.0,14.0,7.0,0.0,843.0,0.0,43.0,32,11,195,72
Jason,Grilli,P,22.9485560095,grillja01,3,24,45,-2.94,-0.37623762376237624,1,28.0,10.0,101.0,0.0,1.0,4.0,36.0,0.0,0.0,0.0,11.0,2.0,2.0,0.0,140.0,29.0,13.0,39,15,230,76
Justin,Grimm,P,8.73424896519,grimmju01,3,3,67,-1.99,-0.3825503355704698,1,31.0,26.0,149.0,1.0,1.0,5.0,62.0,0.0,0.0,0.0,11.0,4.0,8.0,0.0,204.0,11.0,18.0,27,3,210,75
Deolis,Guerra,P,1.61600488974,guerrde01,2,0,17,-6.48,-0.58,1,26.0,3.0,50.0,1.0,0.0,0.0,10.0,0.0,0.0,0.0,12.0,5.0,2.0,0.0,74.0,4.0,12.0,26,0,245,77
Preston,Guilmet,P,0.110953828024,guilmpr01,0,0,1,-27.0,-1.0,1,4.0,2.0,6.0,0.0,0.0,0.0,2.0,0.0,0.0,0.0,6.0,1.0,0.0,0.0,12.0,1.0,6.0,28,2,200,74
Jason,Gurka,OF,0.676944262997,gurkaja01,0,0,7,-9.39,-0.782608695652174,1,16.0,2.0,23.0,0.0,0.0,0.0,9.0,0.0,0.0,0.0,8.0,1.0,0.0,0.0,39.0,4.0,8.0,27,0,180,72
David,Hale,P,5.80968551215,haleda02,5,0,61,-6.09,-0.48936170212765956,1,95.0,20.0,235.0,2.0,2.0,5.0,17.0,12.0,0.0,0.0,53.0,14.0,11.0,0.0,346.0,0.0,56.0,28,2,210,74
Cody,Hall,P,0.675328419383,hallco01,0,0,7,-6.48,-0.56,1,10.0,4.0,25.0,1.0,0.0,0.0,7.0,0.0,0.0,0.0,6.0,1.0,0.0,0.0,41.0,1.0,6.0,27,0,220,76
Cole,Hamels,P,13.0919273154,hamelco01,6,0,137,-3.64,-0.39378238341968913,1,113.0,39.0,386.0,6.0,3.0,7.0,20.0,20.0,1.0,1.0,52.0,12.0,7.0,2.0,537.0,0.0,53.0,32,9,200,75
Jason,Hammel,P,16.4127577523,hammeja01,10,0,172,-3.74,-0.38671875,1,158.0,40.0,512.0,6.0,4.0,7.0,31.0,31.0,0.0,0.0,71.0,23.0,10.0,0.0,710.0,0.0,79.0,33,9,225,78
Brad,Hand,P,6.39448472206,handbr01,4,0,67,-5.3,-0.49642857142857144,1,107.0,32.0,280.0,3.0,1.0,7.0,38.0,12.0,0.0,0.0,55.0,9.0,2.0,0.0,408.0,7.0,55.0,25,4,215,75
Donovan,Hand,P,0.287884393783,handdo01,0,0,3,-0.0,-0.3333333333333333,1,2.0,1.0,9.0,1.0,0.0,0.0,1.0,0.0,0.0,0.0,0.0,0.0,0.0,0.0,13.0,0.0,0.0,29,2,235,75
J. A.,Happ,P,6.55608469699,happja01,7,0,69,-1.85,-0.34210526315789475,1,52.0,13.0,190.0,0.0,1.0,2.0,11.0,11.0,0.0,0.0,13.0,3.0,2.0,0.0,249.0,0.0,13.0,33,8,205,77
Aaron,Harang,P,10.3097222748,haranaa01,6,0,108,-4.86,-0.46421663442940037,1,189.0,51.0,517.0,6.0,3.0,15.0,29.0,29.0,0.0,0.0,93.0,26.0,4.0,0.0,748.0,0.0,100.0,37,13,260,79
Dan,Haren,P,8.38022430245,harenda01,7,0,88,-3.42,-0.3643410852713178,1,116.0,25.0,387.0,7.0,1.0,7.0,21.0,21.0,0.0,0.0,49.0,21.0,2.0,0.0,524.0,0.0,50.0,35,12,215,77
Dan,Haren,P,4.18665473459,harenda01,4,0,44,-4.01,-0.4057142857142857,1,58.0,13.0,175.0,1.0,1.0,2.0,11.0,11.0,0.0,0.0,26.0,10.0,3.0,0.0,244.0,0.0,29.0,35,12,215,77
Mitch,Harris,P,1.42252164421,harrimi03,2,0,15,-3.67,-0.5308641975308642,1,30.0,13.0,81.0,0.0,0.0,1.0,26.0,0.0,0.0,0.0,11.0,4.0,2.0,0.0,122.0,7.0,14.0,30,0,215,76
Matt,Harvey,P,17.9191619915,harvema01,13,0,188,-2.71,-0.3397887323943662,1,156.0,37.0,568.0,5.0,2.0,8.0,29.0,29.0,0.0,0.0,57.0,18.0,4.0,0.0,755.0,0.0,62.0,26,3,215,76
Chris,Hatcher,P,7.40141841043,hatchch02,3,4,45,-3.69,-0.41025641025641024,1,35.0,13.0,117.0,3.0,2.0,5.0,49.0,0.0,0.0,0.0,16.0,4.0,3.0,0.0,166.0,12.0,19.0,30,5,200,73
Marcus,Hatley,P,0.191922929189,hatlema01,0,0,2,-0.0,-0.75,1,1.0,2.0,4.0,0.0,0.0,0.0,2.0,0.0,0.0,0.0,0.0,0.0,0.0,0.0,7.0,1.0,0.0,27,0,220,77
LaTroy,Hawkins,P,3.45706216164,hawkila01,2,2,20,-3.63,-0.3880597014925373,1,22.0,4.0,67.0,0.0,1.0,1.0,24.0,0.0,0.0,0.0,9.0,3.0,1.0,0.0,89.0,11.0,9.0,43,20,220,77
Jeremy,Hellickson,P,11.5286807857,hellije01,9,0,121,-4.62,-0.4429223744292237,1,151.0,43.0,438.0,6.0,3.0,12.0,27.0,27.0,0.0,0.0,75.0,22.0,5.0,0.0,636.0,0.0,79.0,28,5,190,73
Kyle,Hendricks,P,15.9520052122,hendrky01,8,0,167,-3.95,-0.387037037037037,1,166.0,43.0,540.0,8.0,1.0,7.0,32.0,32.0,1.0,1.0,79.0,17.0,3.0,1.0,739.0,0.0,82.0,26,1,190,75
David,Hernandez,P,3.15963581106,hernada01,1,0,33,-4.28,-0.43564356435643564,1,33.0,11.0,101.0,3.0,0.0,5.0,40.0,0.0,0.0,0.0,16.0,6.0,1.0,0.0,144.0,7.0,18.0,30,6,245,75
Keith,Hessler,P,1.15599641507,hesslke01,0,0,12,-8.03,-0.5405405405405406,1,16.0,4.0,37.0,0.0,1.0,1.0,18.0,0.0,0.0,0.0,11.0,4.0,1.0,0.0,57.0,1.0,11.0,26,0,215,76
Chris,Heston,P,13.4191307815,hestoch01,12,0,141,-3.95,-0.4371482176360225,1,169.0,64.0,533.0,13.0,3.0,11.0,31.0,31.0,2.0,1.0,78.0,16.0,5.0,1.0,746.0,0.0,82.0,27,1,195,75
Taylor,Hill,P,0.865735454047,hillta01,0,0,9,-3.75,-0.5,1,14.0,4.0,36.0,1.0,0.0,0.0,6.0,0.0,0.0,0.0,5.0,2.0,0.0,0.0,51.0,4.0,5.0,26,1,230,75
Dalier,Hinojosa,P,1.99668569362,hinojda01,2,0,21,-0.78,-0.3333333333333333,1,15.0,8.0,69.0,0.0,1.0,0.0,18.0,0.0,0.0,0.0,2.0,1.0,1.0,0.0,93.0,4.0,3.0,29,0,230,73
David,Holmberg,P,1.43418405925,holmbda01,1,0,15,-7.62,-0.611764705882353,1,36.0,16.0,85.0,2.0,0.0,4.0,6.0,6.0,0.0,0.0,24.0,10.0,1.0,0.0,136.0,0.0,24.0,24,2,245,75
J. J.,Hoover,P,5.69325366104,hoovejj01,8,1,52,-2.94,-0.38860103626943004,1,44.0,31.0,193.0,2.0,1.0,2.0,67.0,0.0,0.0,0.0,21.0,7.0,3.0,0.0,264.0,12.0,24.0,28,3,245,75
Adrian,Houser,P,0.0,housead01,0,0,0,-0.0,-0.5,1,1.0,2.0,6.0,0.0,0.0,0.0,2.0,0.0,0.0,0.0,0.0,0.0,0.0,0.0,8.0,2.0,0.0,22,0,230,76
J. P.,Howell,P,4.4638543351,howeljp01,6,1,39,-1.43,-0.4621212121212121,1,47.0,14.0,132.0,2.0,1.0,1.0,65.0,0.0,0.0,0.0,7.0,3.0,3.0,1.0,190.0,18.0,9.0,32,10,180,72
Daniel,Hudson,P,9.88704179845,hudsoda01,4,4,71,-3.86,-0.43842364532019706,1,64.0,25.0,203.0,0.0,2.0,3.0,64.0,1.0,0.0,0.0,29.0,7.0,5.0,0.0,290.0,13.0,34.0,28,6,235,75
Tim,Hudson,P,6.06824644257,hudsoti01,8,0,64,-4.44,-0.4609164420485175,1,134.0,37.0,371.0,7.0,1.0,9.0,24.0,22.0,0.0,0.0,61.0,13.0,4.0,0.0,525.0,0.0,62.0,40,16,175,73
David,Huff,P,0.388843312854,huffda01,0,0,4,-9.0,-0.6666666666666666,1,11.0,1.0,18.0,1.0,0.0,0.0,3.0,1.0,0.0,0.0,6.0,2.0,0.0,0.0,30.0,1.0,6.0,31,6,210,73
Jared,Hughes,P,3.42747148382,hugheja02,3,0,36,-2.28,-0.4427860696517413,1,70.0,19.0,201.0,7.0,2.0,1.0,76.0,0.0,0.0,0.0,17.0,3.0,3.0,0.0,284.0,11.0,21.0,30,4,245,79
Tommy,Hunter,P,2.20104876142,hunteto02,2,1,15,-5.74,-0.48936170212765956,1,20.0,3.0,47.0,0.0,0.0,0.0,19.0,0.0,0.0,0.0,10.0,4.0,0.0,0.0,69.0,5.0,10.0,29,7,250,75
Raisel,Iglesias,P,9.95388943621,iglesra01,3,0,104,-4.15,-0.3811188811188811,1,81.0,28.0,286.0,7.0,0.0,7.0,18.0,16.0,0.0,0.0,44.0,11.0,2.0,2.0,395.0,1.0,45.0,25,0,185,74
Edwin,Jackson,P,2.18994683006,jacksed01,2,0,23,-3.19,-0.45161290322580644,1,30.0,12.0,93.0,1.0,1.0,1.0,23.0,0.0,0.0,0.0,11.0,0.0,3.0,1.0,134.0,11.0,14.0,32,12,210,75
Edwin,Jackson,P,2.39140582154,jacksed01,2,1,17,-2.92,-0.3108108108108108,1,14.0,9.0,74.0,0.0,0.0,2.0,24.0,0.0,0.0,0.0,8.0,4.0,2.0,0.0,94.0,7.0,11.0,32,12,210,75
Jay,Jackson,P,0.38730520742,jacksja01,0,0,4,-6.23,-0.6153846153846154,1,7.0,1.0,13.0,0.0,0.0,0.0,6.0,0.0,0.0,0.0,3.0,0.0,0.0,0.0,20.0,1.0,3.0,28,0,195,73
Juan,Jaime,P,0.0997095554517,jaimeju01,0,0,1,-6.75,-1.0,1,0.0,4.0,4.0,0.0,1.0,1.0,2.0,0.0,0.0,0.0,1.0,0.0,0.0,0.0,8.0,1.0,1.0,28,1,250,74
Kenley,Jansen,P,35.6449144957,janseke01,2,36,80,-2.41,-0.2611464968152866,1,33.0,8.0,157.0,2.0,0.0,1.0,54.0,0.0,0.0,0.0,14.0,6.0,0.0,0.0,200.0,50.0,14.0,28,5,265,77
Casey,Janssen,P,2.57476996842,janssca01,2,0,27,-4.95,-0.38333333333333336,1,38.0,8.0,120.0,1.0,3.0,5.0,48.0,0.0,0.0,0.0,22.0,5.0,1.0,0.0,166.0,12.0,22.0,34,9,205,76
Jeremy,Jeffress,P,6.38354416156,jeffrje01,5,0,67,-2.65,-0.4215686274509804,1,64.0,22.0,204.0,3.0,5.0,0.0,72.0,0.0,0.0,0.0,20.0,5.0,4.0,2.0,285.0,8.0,22.0,28,5,215,72
Cesar,Jimenez,P,0.383845858377,jimence01,0,0,4,-0.0,-0.1,1,1.0,0.0,10.0,0.0,0.0,0.0,3.0,0.0,0.0,0.0,0.0,0.0,0.0,0.0,10.0,2.0,0.0,31,9,215,72
Cesar,Jimenez,P,2.01722305463,jimence01,0,0,21,-3.66,-0.4067796610169492,1,16.0,8.0,59.0,0.0,0.0,0.0,16.0,0.0,0.0,0.0,8.0,2.0,0.0,0.0,81.0,2.0,8.0,31,9,215,72
Jim,Johnson,P,10.1454388438,johnsji04,2,9,33,-2.25,-0.4097222222222222,1,45.0,14.0,144.0,1.0,2.0,3.0,49.0,0.0,0.0,0.0,12.0,2.0,2.0,0.0,196.0,13.0,14.0,32,9,240,78
Jim,Johnson,P,2.41434751343,johnsji04,0,1,17,-10.13,-0.6785714285714286,1,32.0,6.0,56.0,4.0,0.0,3.0,23.0,0.0,0.0,0.0,21.0,3.0,1.0,0.0,95.0,2.0,22.0,32,9,240,78
Taylor,Jordan,P,1.05851350322,jordata01,0,0,11,-5.29,-0.5098039215686274,1,20.0,6.0,51.0,0.0,0.0,2.0,4.0,1.0,0.0,0.0,10.0,0.0,1.0,0.0,77.0,0.0,10.0,26,2,210,77
Taylor,Jungmann,P,10.1847482996,jungmta01,9,0,107,-3.77,-0.4273743016759777,1,106.0,47.0,358.0,8.0,1.0,8.0,21.0,21.0,1.0,0.0,50.0,11.0,8.0,0.0,501.0,0.0,55.0,26,0,220,78
Tommy,Kahnle,P,5.29995114996,kahnlto01,0,2,39,-4.86,-0.59,1,31.0,28.0,100.0,0.0,1.0,1.0,36.0,0.0,0.0,0.0,18.0,3.0,3.0,0.0,155.0,8.0,22.0,26,1,235,73
Shawn,Kelley,P,6.02799451202,kellesh01,2,0,63,-2.45,-0.36363636363636365,1,41.0,15.0,154.0,0.0,4.0,2.0,53.0,0.0,0.0,0.0,14.0,4.0,0.0,0.0,205.0,14.0,18.0,31,6,220,74
Casey,Kelly,P,0.676139117554,kellyca01,0,0,7,-7.94,-0.6470588235294118,1,19.0,3.0,34.0,1.0,0.0,2.0,3.0,2.0,0.0,0.0,10.0,1.0,0.0,0.0,56.0,1.0,13.0,26,3,215,75
Ryan,Kelly,P,0.963512660434,kellyry01,0,0,10,-7.02,-0.54,1,21.0,6.0,50.0,0.0,0.0,0.0,17.0,0.0,0.0,0.0,13.0,5.0,0.0,0.0,74.0,8.0,14.0,28,0,180,74
Kyle,Kendrick,P,7.61414287659,kendrky01,7,0,80,-6.32,-0.5081967213114754,1,172.0,45.0,427.0,7.0,2.0,13.0,27.0,27.0,0.0,0.0,100.0,33.0,4.0,0.0,629.0,0.0,102.0,31,8,210,75
Ian,Kennedy,P,16.6144496165,kenneia01,9,0,174,-4.28,-0.4316831683168317,1,166.0,52.0,505.0,7.0,4.0,15.0,30.0,30.0,0.0,0.0,80.0,31.0,5.0,1.0,713.0,0.0,95.0,31,8,200,72
Clayton,Kershaw,P,28.7340781691,kershcl01,16,0,301,-2.13,-0.29369627507163326,1,163.0,42.0,698.0,5.0,1.0,7.0,33.0,33.0,4.0,3.0,55.0,15.0,9.0,3.0,890.0,0.0,62.0,27,7,225,76
Craig,Kimbrel,P,38.6299340767,kimbrcr01,4,39,87,-2.58,-0.34831460674157305,1,40.0,22.0,178.0,1.0,1.0,2.0,61.0,0.0,0.0,0.0,17.0,6.0,4.0,0.0,239.0,53.0,19.0,27,5,220,71
Brandon,Kintzler,P,0.675300655747,kintzbr01,0,0,7,-6.43,-0.8095238095238095,1,12.0,5.0,21.0,0.0,0.0,1.0,7.0,0.0,0.0,0.0,5.0,1.0,1.0,0.0,36.0,4.0,6.0,31,5,190,70
Corey,Knebel,P,5.56755292462,knebeco01,0,0,58,-3.22,-0.40397350993377484,1,44.0,17.0,151.0,2.0,1.0,0.0,48.0,0.0,0.0,0.0,18.0,8.0,1.0,0.0,209.0,15.0,18.0,24,1,210,76
Tom,Koehler,P,13.0448261964,koehlto01,11,0,137,-4.08,-0.45729537366548045,1,180.0,77.0,562.0,6.0,3.0,14.0,32.0,31.0,0.0,0.0,85.0,22.0,2.0,0.0,800.0,0.0,96.0,29,3,235,75
Michael,Kohn,P,0.383845858377,kohnmi01,0,0,4,-0.0,-0.42857142857142855,1,0.0,6.0,14.0,0.0,0.0,0.0,6.0,0.0,0.0,0.0,0.0,0.0,0.0,0.0,19.0,1.0,0.0,29,5,200,74
George,Kontos,P,4.18572187642,kontoge01,4,0,44,-2.33,-0.31363636363636366,1,57.0,12.0,220.0,0.0,3.0,4.0,73.0,0.0,0.0,0.0,19.0,9.0,3.0,0.0,284.0,12.0,20.0,30,4,215,75
John,Lackey,P,16.6716962681,lackejo01,13,0,175,-2.77,-0.4036697247706422,1,211.0,53.0,654.0,4.0,5.0,10.0,33.0,33.0,1.0,0.0,67.0,21.0,5.0,3.0,896.0,0.0,71.0,37,13,235,78
Aaron,Laffey,P,0.280458709599,laffeaa01,1,0,3,-3.68,-0.5,1,8.0,3.0,22.0,1.0,1.0,0.0,3.0,0.0,0.0,0.0,3.0,1.0,0.0,0.0,33.0,0.0,3.0,30,8,200,72
Bobby,LaFromboise,P,0.768319174927,lafrobo01,0,0,8,-1.13,-0.25,1,5.0,1.0,24.0,0.0,0.0,0.0,11.0,0.0,0.0,0.0,1.0,1.0,0.0,0.0,29.0,4.0,1.0,29,2,225,76
John,Lamb,P,5.55951644045,lambjo02,1,0,58,-5.8,-0.5167785234899329,1,58.0,19.0,149.0,2.0,0.0,5.0,10.0,10.0,0.0,0.0,32.0,8.0,0.0,0.0,220.0,0.0,32.0,25,0,205,76
Mat,Latos,P,7.54556697356,latosma01,4,0,79,-4.48,-0.41509433962264153,1,85.0,25.0,265.0,1.0,0.0,7.0,16.0,16.0,0.0,0.0,44.0,8.0,9.0,0.0,372.0,0.0,46.0,28,6,245,78
Mat,Latos,P,1.73100447901,latosma01,0,0,18,-6.66,-0.5068493150684932,1,31.0,6.0,73.0,0.0,1.0,3.0,6.0,5.0,0.0,0.0,18.0,3.0,1.0,1.0,106.0,1.0,19.0,28,6,245,78
Raudel,Lazo,P,0.48157309022,lazora01,0,0,5,-3.18,-0.4117647058823529,1,5.0,2.0,17.0,0.0,0.0,0.0,7.0,0.0,0.0,0.0,2.0,1.0,0.0,0.0,24.0,1.0,2.0,26,0,165,69
Mike,Leake,P,8.55328679424,leakemi01,9,0,90,-3.56,-0.3829268292682927,1,123.0,34.0,410.0,2.0,4.0,5.0,21.0,21.0,1.0,0.0,54.0,14.0,3.0,1.0,556.0,0.0,55.0,28,5,190,70
Mike,Leake,P,2.76620425762,leakemi01,2,0,29,-4.07,-0.39759036144578314,1,51.0,15.0,166.0,1.0,1.0,5.0,9.0,9.0,1.0,1.0,25.0,8.0,3.0,1.0,222.0,0.0,25.0,28,5,190,70
Jack,Leathersich,P,1.3447431843,leathja01,0,0,14,-2.31,-0.5428571428571428,1,12.0,7.0,35.0,1.0,0.0,1.0,17.0,0.0,0.0,0.0,3.0,0.0,0.0,0.0,52.0,6.0,3.0,25,0,200,71
Sam,LeCure,P,1.44117107798,lecursa01,0,0,15,-3.15,-0.38333333333333336,1,16.0,7.0,60.0,0.0,0.0,2.0,19.0,0.0,0.0,0.0,7.0,2.0,0.0,0.0,83.0,1.0,9.0,31,5,210,72
Zach,Lee,P,0.295380575498,leeza01,0,0,3,-13.5,-0.8571428571428571,1,11.0,1.0,14.0,0.0,0.0,1.0,1.0,1.0,0.0,0.0,7.0,1.0,0.0,0.0,24.0,0.0,7.0,24,0,210,76
Dominic,Leone,P,0.200102096349,leonedo01,0,0,2,-14.73,-0.7272727272727273,1,8.0,0.0,11.0,1.0,0.0,1.0,3.0,0.0,0.0,0.0,6.0,1.0,0.0,0.0,20.0,1.0,6.0,24,1,210,71
Jon,Lester,P,19.7617178162,lestejo01,11,0,207,-3.34,-0.37398373983739835,1,183.0,47.0,615.0,7.0,0.0,12.0,32.0,32.0,1.0,0.0,76.0,16.0,8.0,0.0,828.0,0.0,83.0,31,9,240,76
Adam,Liberatore,P,2.76630420671,liberad01,2,0,29,-4.25,-0.39325842696629215,1,26.0,9.0,89.0,0.0,4.0,2.0,39.0,0.0,0.0,0.0,14.0,3.0,1.0,0.0,122.0,5.0,14.0,28,0,240,75
Tim,Lincecum,P,5.69369753745,linceti01,7,0,60,-4.13,-0.49344978165938863,1,75.0,38.0,229.0,1.0,2.0,4.0,15.0,15.0,0.0,0.0,35.0,7.0,5.0,0.0,333.0,0.0,37.0,31,8,170,71
Francisco,Liriano,P,19.5603480101,liriafr01,12,0,205,-3.38,-0.4017857142857143,1,155.0,70.0,560.0,5.0,1.0,7.0,31.0,31.0,0.0,0.0,70.0,15.0,10.0,1.0,773.0,0.0,75.0,32,10,225,74
Radhames,Liz,P,2.58384481258,lizra01,1,0,27,-4.24,-0.5428571428571428,1,26.0,12.0,70.0,3.0,2.0,4.0,14.0,0.0,0.0,0.0,11.0,4.0,1.0,0.0,106.0,7.0,11.0,32,8,200,74
Jeff,Locke,P,12.3057694048,lockeje01,8,0,129,-4.49,-0.47326732673267324,1,179.0,60.0,505.0,7.0,4.0,11.0,30.0,30.0,0.0,0.0,84.0,15.0,5.0,0.0,736.0,0.0,95.0,28,4,195,72
Adam,Loewen,P,2.10555893686,loewead01,1,0,22,-6.98,-0.6379310344827587,1,20.0,17.0,58.0,3.0,1.0,0.0,20.0,0.0,0.0,0.0,15.0,3.0,5.0,0.0,93.0,7.0,15.0,31,9,235,78
Boone,Logan,P,4.22470877302,loganbo02,0,0,44,-4.33,-0.5377358490566038,1,40.0,17.0,106.0,5.0,1.0,3.0,60.0,0.0,0.0,0.0,17.0,3.0,3.0,0.0,168.0,12.0,17.0,31,9,215,77
Kyle,Lohse,P,11.874496488,lohseky01,5,2,108,-5.85,-0.487964989059081,1,180.0,43.0,457.0,4.0,3.0,13.0,37.0,22.0,0.0,0.0,99.0,29.0,5.0,0.0,665.0,5.0,99.0,37,14,215,74
Javier,Lopez,P,2.48641742801,lopezja02,1,0,26,-1.6,-0.2966101694915254,1,19.0,16.0,118.0,0.0,3.0,0.0,77.0,0.0,0.0,0.0,7.0,1.0,1.0,0.0,147.0,14.0,8.0,38,12,220,76
Jorge,Lopez,P,0.953144030837,lopezjo02,1,0,10,-5.4,-0.6333333333333333,1,14.0,5.0,30.0,1.0,0.0,1.0,2.0,2.0,0.0,0.0,6.0,0.0,1.0,0.0,46.0,0.0,6.0,22,0,190,75
Michael,Lorenzen,P,7.92992368284,lorenmi01,4,0,83,-5.4,-0.5529411764705883,1,131.0,57.0,340.0,6.0,6.0,9.0,27.0,21.0,0.0,0.0,68.0,18.0,4.0,0.0,515.0,1.0,70.0,23,0,205,75
Jordan,Lyles,P,2.86275986402,lylesjo01,2,0,30,-5.14,-0.4965986394557823,1,54.0,19.0,147.0,3.0,1.0,5.0,10.0,10.0,0.0,0.0,28.0,2.0,2.0,0.0,212.0,0.0,32.0,25,4,230,76
Lance,Lynn,P,15.9136180101,lynnla01,12,0,167,-3.03,-0.45627376425855515,1,172.0,68.0,526.0,5.0,5.0,11.0,31.0,31.0,0.0,0.0,59.0,13.0,2.0,0.0,751.0,0.0,66.0,28,4,240,77
Tyler,Lyons,P,5.73136288498,lyonsty01,3,0,60,-3.75,-0.4111111111111111,1,59.0,15.0,180.0,1.0,0.0,1.0,17.0,8.0,0.0,0.0,25.0,12.0,4.0,0.0,255.0,1.0,29.0,27,2,200,76
Jean,Machi,P,2.10453723506,machije01,1,0,22,-5.14,-0.49523809523809526,1,38.0,14.0,105.0,1.0,0.0,0.0,33.0,0.0,0.0,0.0,20.0,3.0,1.0,0.0,159.0,8.0,21.0,33,3,255,72
Seth,Maness,P,6.71084959,manesse01,4,3,46,-4.26,-0.47368421052631576,1,77.0,13.0,190.0,1.0,4.0,2.0,76.0,0.0,0.0,0.0,30.0,7.0,2.0,0.0,270.0,13.0,35.0,27,2,190,72
Sugar Ray,Marimon,P,1.34754731154,marimsu01,0,0,14,-7.36,-0.5714285714285714,1,30.0,14.0,77.0,0.0,0.0,1.0,16.0,0.0,0.0,0.0,21.0,3.0,0.0,0.0,117.0,5.0,21.0,27,0,195,73
Matt,Marksberry,P,2.0179726728,marksma01,0,0,21,-5.01,-0.5428571428571428,1,22.0,16.0,70.0,1.0,2.0,3.0,31.0,0.0,0.0,0.0,13.0,2.0,3.0,0.0,108.0,4.0,16.0,25,0,200,73
Jason,Marquis,P,3.52575398838,marquja01,3,0,37,-6.46,-0.5492957746478874,1,64.0,14.0,142.0,1.0,2.0,4.0,9.0,9.0,0.0,0.0,34.0,10.0,3.0,0.0,216.0,0.0,37.0,37,15,220,73
Evan,Marshall,P,0.675106310295,marshev01,0,0,7,-6.08,-0.625,1,20.0,5.0,40.0,0.0,1.0,2.0,13.0,0.0,0.0,0.0,9.0,3.0,1.0,0.0,61.0,4.0,9.0,25,1,225,74
Carlos,Martinez,P,17.5260136271,martica04,14,0,184,-3.01,-0.42857142857142855,1,168.0,63.0,539.0,8.0,5.0,7.0,31.0,29.0,0.0,0.0,60.0,13.0,8.0,1.0,755.0,1.0,65.0,24,2,185,72
Cody,Martin,P,2.28713544736,martico01,2,0,24,-5.4,-0.47692307692307695,1,24.0,7.0,65.0,1.0,0.0,3.0,21.0,0.0,0.0,0.0,13.0,4.0,1.0,0.0,92.0,2.0,13.0,26,0,230,75
Rafael,Martin,P,2.38293588287,martira04,2,0,25,-5.11,-0.4594594594594595,1,12.0,5.0,37.0,1.0,0.0,0.0,13.0,0.0,0.0,0.0,7.0,4.0,0.0,0.0,56.0,5.0,9.0,31,0,220,75
Nick,Masset,P,0.576801594824,masseni01,0,0,6,-1.86,-0.4482758620689655,1,12.0,1.0,29.0,1.0,0.0,0.0,8.0,0.0,0.0,0.0,2.0,0.0,1.0,0.0,41.0,2.0,3.0,33,9,235,77
Nick,Masset,P,1.13618646132,masseni01,2,0,12,-6.46,-0.5652173913043478,1,18.0,8.0,46.0,1.0,3.0,2.0,20.0,0.0,0.0,0.0,11.0,3.0,3.0,0.0,72.0,3.0,12.0,33,9,235,77
Marcos,Mateo,P,3.1594803347,mateoma01,1,0,33,-4.0,-0.38271604938271603,1,22.0,9.0,81.0,3.0,1.0,1.0,26.0,0.0,0.0,0.0,12.0,5.0,1.0,0.0,113.0,6.0,16.0,31,5,220,73
Ryan,Mattheus,P,3.34198415064,matthry01,2,0,35,-4.09,-0.509090909090909,1,67.0,17.0,165.0,2.0,2.0,4.0,57.0,0.0,0.0,0.0,25.0,3.0,6.0,1.0,249.0,14.0,31.0,32,4,220,75
Tyler,Matzek,P,1.42275485875,matzety01,2,0,15,-4.09,-0.6060606060606061,1,21.0,19.0,66.0,3.0,0.0,1.0,5.0,5.0,0.0,0.0,10.0,2.0,2.0,0.0,102.0,0.0,10.0,25,1,230,75
Steven,Matz,P,3.22607391411,matzst01,4,0,34,-2.27,-0.411214953271028,1,34.0,10.0,107.0,1.0,0.0,0.0,6.0,6.0,0.0,0.0,9.0,4.0,0.0,0.0,149.0,0.0,9.0,24,0,200,74
Brandon,Maurer,P,3.67787932279,maurebr01,7,0,39,-3.0,-0.35294117647058826,1,39.0,15.0,153.0,1.0,1.0,4.0,53.0,0.0,0.0,0.0,17.0,3.0,1.0,0.0,206.0,10.0,19.0,25,2,220,77
Vin,Mazzaro,P,0.577851060264,mazzavi01,0,0,6,-3.75,-0.5833333333333334,1,15.0,6.0,36.0,0.0,1.0,0.0,10.0,0.0,0.0,0.0,5.0,0.0,0.0,0.0,55.0,5.0,6.0,29,6,220,74
Cory,Mazzoni,P,0.779224731141,mazzoco01,0,0,8,-20.77,-1.0769230769230769,1,23.0,5.0,26.0,0.0,0.0,0.0,8.0,0.0,0.0,0.0,20.0,2.0,0.0,0.0,53.0,4.0,22.0,26,0,200,73
Brandon,McCarthy,P,2.75773466072,mccarbr01,3,0,29,-5.87,-0.4057971014492754,1,24.0,4.0,69.0,0.0,0.0,0.0,4.0,4.0,0.0,0.0,15.0,9.0,0.0,0.0,94.0,0.0,15.0,32,10,220,79
Scott,McGough,P,0.389093185577,mcgousc01,0,0,4,-9.45,-0.8,1,12.0,4.0,20.0,0.0,0.0,0.0,6.0,0.0,0.0,0.0,7.0,0.0,0.0,0.0,35.0,3.0,7.0,26,0,170,72
Dustin,McGowan,P,2.00957526136,mcgowdu01,1,0,21,-6.94,-0.7,1,29.0,20.0,70.0,0.0,1.0,2.0,14.0,1.0,0.0,0.0,18.0,7.0,1.0,0.0,118.0,3.0,21.0,33,10,240,75
Andrew,McKirahan,P,2.10497590051,mckiran01,1,0,22,-5.93,-0.6097560975609756,1,40.0,10.0,82.0,2.0,2.0,0.0,27.0,0.0,0.0,0.0,18.0,2.0,0.0,0.0,129.0,4.0,18.0,25,0,195,74
Yoervis,Medina,P,0.675617161197,medinyo01,0,0,7,-7.0,-0.5925925925925926,1,12.0,4.0,27.0,0.0,0.0,0.0,5.0,0.0,0.0,0.0,7.0,1.0,0.0,0.0,43.0,2.0,7.0,27,2,245,75
Jenrry,Mejia,P,0.662261164368,mejiaje01,1,0,7,-0.0,-0.2727272727272727,1,4.0,2.0,22.0,0.0,1.0,0.0,7.0,0.0,0.0,0.0,0.0,0.0,0.0,0.0,27.0,1.0,0.0,26,5,205,72
Mark,Melancon,P,45.5687046364,melanma01,3,51,62,-2.23,-0.30869565217391304,1,57.0,14.0,230.0,2.0,2.0,2.0,78.0,0.0,0.0,0.0,19.0,4.0,3.0,0.0,293.0,63.0,22.0,30,6,210,74
Justin,Miller,P,4.3977549484,milleju02,3,1,38,-4.05,-0.32,1,21.0,11.0,100.0,0.0,0.0,3.0,34.0,0.0,0.0,0.0,15.0,2.0,2.0,0.0,129.0,9.0,15.0,28,1,215,75
Shelby,Miller,P,16.3542728425,millesh01,6,0,171,-3.02,-0.4155844155844156,1,183.0,73.0,616.0,6.0,8.0,17.0,33.0,33.0,2.0,2.0,69.0,13.0,5.0,2.0,860.0,0.0,82.0,25,3,215,75
Rafael,Montero,P,1.24999776696,montera01,0,0,13,-4.5,-0.4666666666666667,1,9.0,5.0,30.0,0.0,3.0,1.0,5.0,1.0,0.0,0.0,5.0,0.0,0.0,0.0,46.0,1.0,6.0,25,1,185,72
Tyler,Moore,OF,0.0,moorety01,0,0,0,-0.0,-0.0,1,0.0,0.0,2.0,1.0,0.0,0.0,1.0,0.0,0.0,0.0,0.0,0.0,0.0,0.0,3.0,1.0,0.0,28,3,220,74
Adam,Morgan,P,4.65725394794,morgaad01,5,0,49,-4.48,-0.4150197628458498,1,88.0,17.0,253.0,4.0,0.0,7.0,15.0,15.0,0.0,0.0,42.0,14.0,2.0,1.0,352.0,0.0,45.0,25,0,195,73
Akeel,Morris,P,0.0374809085746,morriak01,0,0,0,-67.5,-3.0,1,3.0,3.0,2.0,0.0,0.0,0.0,1.0,0.0,0.0,0.0,5.0,1.0,0.0,0.0,8.0,0.0,5.0,23,0,195,73
Bryan,Morris,P,4.46458695331,morribr01,5,0,47,-3.14,-0.49206349206349204,1,67.0,26.0,189.0,3.0,0.0,4.0,67.0,0.0,0.0,0.0,22.0,3.0,2.0,0.0,277.0,18.0,26.0,28,3,225,75
Brandon,Morrow,P,2.18969140461,morrobr01,2,0,23,-2.73,-0.36363636363636365,1,29.0,7.0,99.0,0.0,0.0,0.0,5.0,5.0,0.0,0.0,10.0,3.0,0.0,0.0,126.0,0.0,10.0,31,8,210,75
Charlie,Morton,P,9.1297496727,mortoch02,9,0,96,-4.81,-0.4599483204134367,1,137.0,41.0,387.0,12.0,6.0,9.0,23.0,23.0,0.0,0.0,69.0,13.0,2.0,1.0,563.0,0.0,77.0,32,7,235,77
Jon,Moscot,P,0.568870612466,moscojo01,1,0,6,-4.63,-0.45714285714285713,1,11.0,5.0,35.0,0.0,0.0,1.0,3.0,3.0,0.0,0.0,6.0,2.0,1.0,0.0,50.0,0.0,6.0,24,0,210,76
Jason,Motte,P,7.85337442629,motteja01,8,6,34,-3.91,-0.4068965517241379,1,48.0,11.0,145.0,2.0,5.0,1.0,57.0,0.0,0.0,0.0,21.0,4.0,2.0,0.0,206.0,18.0,21.0,33,7,205,72
Peter,Moylan,P,0.760154978027,moylape01,1,0,8,-3.48,-0.3870967741935484,1,12.0,0.0,31.0,0.0,0.0,0.0,22.0,0.0,0.0,0.0,4.0,1.0,0.0,1.0,44.0,2.0,5.0,37,9,225,74
Colton,Murray,P,0.866912632213,murraco01,0,0,9,-5.87,-0.5652173913043478,1,11.0,2.0,23.0,0.0,0.0,1.0,8.0,0.0,0.0,0.0,5.0,2.0,1.0,0.0,37.0,6.0,5.0,25,0,195,72
Chris,Narveson,P,3.04483056724,narvech01,3,0,32,-4.45,-0.3626373626373626,1,24.0,9.0,91.0,0.0,0.0,1.0,15.0,2.0,0.0,0.0,15.0,7.0,0.0,0.0,121.0,3.0,15.0,34,9,205,75
Jimmy,Nelson,P,14.1004189651,nelsoji02,11,0,148,-4.11,-0.42857142857142855,1,163.0,65.0,532.0,13.0,4.0,13.0,30.0,30.0,0.0,0.0,81.0,18.0,11.0,1.0,752.0,0.0,89.0,26,2,245,78
Hector,Neris,P,3.91758635639,nerishe01,2,0,41,-3.79,-0.39669421487603307,1,38.0,10.0,121.0,4.0,0.0,2.0,32.0,0.0,0.0,0.0,17.0,8.0,3.0,0.0,170.0,8.0,19.0,26,1,215,74
Juan,Nicasio,P,7.00754716621,nicasju01,1,1,65,-3.86,-0.52,1,59.0,32.0,175.0,1.0,6.0,3.0,53.0,1.0,0.0,0.0,25.0,1.0,2.0,0.0,260.0,12.0,25.0,29,4,250,76
Justin,Nicolino,P,2.16199489032,nicolju01,5,0,23,-4.01,-0.4144144144144144,1,72.0,20.0,222.0,3.0,2.0,4.0,12.0,12.0,0.0,0.0,33.0,8.0,2.0,0.0,301.0,0.0,33.0,24,0,190,75
Jonathon,Niese,P,10.7607169854,niesejo01,9,0,113,-4.13,-0.4660377358490566,1,192.0,55.0,530.0,9.0,2.0,10.0,33.0,29.0,0.0,0.0,81.0,20.0,2.0,0.0,770.0,1.0,93.0,29,7,220,75
Aaron,Nola,P,6.47055849472,nolaaa01,6,0,68,-3.59,-0.39914163090128757,1,74.0,19.0,233.0,2.0,1.0,2.0,13.0,13.0,0.0,0.0,31.0,11.0,0.0,0.0,318.0,0.0,31.0,22,0,195,73
Bud,Norris,P,2.00872014137,norribu01,1,0,21,-5.4,-0.44,1,16.0,6.0,50.0,1.0,0.0,2.0,20.0,0.0,0.0,0.0,10.0,1.0,2.0,0.0,72.0,5.0,11.0,30,6,195,72
Vidal,Nuno,P,1.82431174,nunovi01,0,0,19,-1.88,-0.3488372093023256,1,10.0,5.0,43.0,0.0,1.0,1.0,3.0,0.0,0.0,0.0,3.0,1.0,0.0,1.0,58.0,1.0,3.0,28,2,210,71
Scott,Oberg,P,4.9741012196,obergsc01,3,1,44,-5.09,-0.5085714285714286,1,58.0,31.0,175.0,6.0,2.0,4.0,64.0,0.0,0.0,0.0,33.0,10.0,6.0,1.0,259.0,11.0,35.0,25,0,205,74
Eric,O'Flaherty,P,0.58326496928,oflaher01,0,0,6,-13.5,-0.8846153846153846,1,18.0,5.0,26.0,2.0,1.0,0.0,16.0,0.0,0.0,0.0,13.0,1.0,1.0,0.0,51.0,3.0,13.0,30,9,220,74
Nefi,Ogando,P,0.196920383665,ogandne01,0,0,2,-9.0,-0.75,1,7.0,2.0,12.0,0.0,0.0,0.0,4.0,0.0,0.0,0.0,4.0,0.0,0.0,0.0,21.0,1.0,5.0,26,0,220,74
Josh,Osich,P,2.57324296844,osichjo01,2,0,27,-2.2,-0.37209302325581395,1,24.0,8.0,86.0,0.0,0.0,0.0,35.0,0.0,0.0,0.0,7.0,4.0,2.0,0.0,120.0,6.0,12.0,27,0,230,74
Sean,O'Sullivan,P,3.35255823114,osullse01,1,0,35,-6.08,-0.5352112676056338,1,94.0,20.0,213.0,6.0,5.0,6.0,13.0,13.0,0.0,0.0,48.0,16.0,3.0,0.0,328.0,0.0,49.0,28,6,255,73
Adam,Ottavino,P,3.57016305998,ottavad01,1,3,13,-0.0,-0.16129032258064516,1,3.0,2.0,31.0,1.0,0.0,0.0,10.0,0.0,0.0,0.0,0.0,0.0,0.0,0.0,35.0,5.0,0.0,30,5,220,77
Jonathan,Papelbon,P,17.0358242374,papeljo01,2,17,40,-1.59,-0.3277310924369748,1,31.0,8.0,119.0,4.0,1.0,1.0,37.0,0.0,0.0,0.0,7.0,3.0,0.0,0.0,161.0,34.0,9.0,35,10,225,76
Jonathan,Papelbon,P,6.95977720576,papeljo01,2,7,16,-3.04,-0.36619718309859156,1,22.0,4.0,71.0,3.0,1.0,2.0,22.0,0.0,0.0,0.0,8.0,4.0,0.0,1.0,99.0,17.0,13.0,35,10,225,76
Bobby,Parnell,P,2.00948120677,parnebo01,2,1,13,-6.38,-0.6527777777777778,1,30.0,17.0,72.0,0.0,1.0,4.0,30.0,0.0,0.0,0.0,17.0,0.0,4.0,0.0,112.0,8.0,20.0,31,7,205,75
Manny,Parra,P,2.19981016148,parrama01,1,0,23,-3.9,-0.3917525773195876,1,32.0,6.0,97.0,0.0,1.0,2.0,40.0,0.0,0.0,0.0,14.0,2.0,1.0,0.0,130.0,5.0,15.0,33,8,215,75
Jake,Peavy,P,7.41122941235,peavyja01,8,0,78,-3.58,-0.37349397590361444,1,99.0,25.0,332.0,2.0,1.0,6.0,19.0,19.0,0.0,0.0,44.0,12.0,2.0,1.0,448.0,0.0,45.0,34,13,195,73
Ariel,Pena,P,2.5743979357,penaar01,2,0,27,-4.28,-0.4634146341463415,1,24.0,14.0,82.0,2.0,2.0,1.0,6.0,5.0,0.0,0.0,13.0,2.0,2.0,0.0,120.0,0.0,14.0,26,0,250,75
Joel,Peralta,P,4.60921087853,peraljo01,3,3,24,-4.34,-0.41379310344827586,1,28.0,8.0,87.0,0.0,1.0,1.0,33.0,0.0,0.0,0.0,14.0,6.0,1.0,0.0,121.0,7.0,14.0,39,10,210,70
Wily,Peralta,P,5.71296332393,peralwi01,5,0,60,-4.72,-0.5122699386503068,1,130.0,37.0,326.0,4.0,2.0,10.0,20.0,20.0,0.0,0.0,57.0,14.0,5.0,1.0,478.0,0.0,60.0,26,3,245,73
Oliver,Perez,P,3.53335735984,perezol01,2,0,37,-3.1,-0.41379310344827586,1,25.0,11.0,87.0,4.0,1.0,1.0,48.0,0.0,0.0,0.0,10.0,2.0,2.0,0.0,128.0,11.0,12.0,34,13,220,75
Williams,Perez,P,7.71893520712,perezwi01,7,1,73,-4.78,-0.5171428571428571,1,130.0,51.0,350.0,9.0,2.0,6.0,23.0,20.0,1.0,0.0,62.0,13.0,4.0,1.0,514.0,1.0,66.0,24,0,230,73
Yusmeiro,Petit,P,6.43167287683,petityu01,1,1,59,-3.67,-0.39473684210526316,1,75.0,15.0,228.0,1.0,2.0,1.0,42.0,1.0,0.0,0.0,31.0,11.0,3.0,0.0,316.0,15.0,32.0,31,9,250,73
David,Phelps,P,7.35365514983,phelpda01,4,0,77,-4.5,-0.4523809523809524,1,119.0,33.0,336.0,4.0,0.0,8.0,23.0,19.0,0.0,0.0,56.0,11.0,2.0,0.0,482.0,1.0,59.0,29,3,200,74
Kevin,Quackenbush,P,5.5395843267,quackke01,3,0,58,-4.01,-0.4114285714285714,1,52.0,20.0,175.0,1.0,3.0,2.0,57.0,0.0,0.0,0.0,26.0,6.0,0.0,1.0,243.0,19.0,28.0,27,1,220,76
J. C.,Ramirez,P,1.04838919362,ramirjc01,1,0,11,-4.11,-0.41304347826086957,1,15.0,4.0,46.0,0.0,2.0,1.0,12.0,0.0,0.0,0.0,7.0,1.0,1.0,0.0,63.0,4.0,7.0,27,2,250,76
Neil,Ramirez,P,1.43173530655,ramirne01,1,0,15,-3.21,-0.42857142857142855,1,12.0,6.0,42.0,0.0,0.0,0.0,19.0,0.0,0.0,0.0,5.0,1.0,2.0,0.0,60.0,4.0,5.0,26,1,190,76
A. J.,Ramos,P,33.2070728572,ramosaj01,2,32,87,-2.3,-0.33649289099526064,1,45.0,26.0,211.0,3.0,0.0,4.0,71.0,0.0,0.0,0.0,18.0,6.0,2.0,0.0,277.0,51.0,18.0,29,3,205,70
Josh,Ravin,P,1.13634749041,ravinjo01,2,0,12,-6.75,-0.6071428571428571,1,13.0,4.0,28.0,1.0,0.0,1.0,9.0,0.0,0.0,0.0,7.0,3.0,1.0,0.0,47.0,4.0,7.0,27,0,230,76
Robbie,Ray,P,11.3740234077,rayro02,5,0,119,-3.52,-0.44386422976501305,1,121.0,49.0,383.0,8.0,3.0,12.0,23.0,23.0,0.0,0.0,50.0,9.0,2.0,0.0,545.0,0.0,56.0,24,1,195,74
Colin,Rea,P,2.47842536565,reaco01,2,0,26,-4.26,-0.42105263157894735,1,29.0,11.0,95.0,1.0,0.0,2.0,6.0,6.0,0.0,0.0,15.0,2.0,0.0,0.0,133.0,0.0,16.0,25,0,220,77
Chris,Rearick,P,0.390509131013,rearich01,0,0,4,-12.0,-0.8888888888888888,1,6.0,2.0,9.0,0.0,0.0,0.0,5.0,0.0,0.0,0.0,4.0,2.0,0.0,0.0,16.0,1.0,4.0,28,0,200,75
Addison,Reed,P,5.57821687409,reedad01,2,3,34,-4.2,-0.5,1,47.0,14.0,122.0,0.0,5.0,2.0,38.0,0.0,0.0,0.0,19.0,2.0,2.0,0.0,181.0,11.0,19.0,27,4,230,76
Addison,Reed,P,2.39990318207,reedad01,1,1,17,-1.17,-0.34782608695652173,1,11.0,5.0,46.0,0.0,1.0,1.0,17.0,0.0,0.0,0.0,2.0,1.0,0.0,0.0,60.0,3.0,2.0,27,4,230,76
Chris,Reed,P,0.0984601918326,reedch01,0,0,1,-4.5,-0.5833333333333334,1,6.0,1.0,12.0,0.0,0.0,0.0,2.0,0.0,0.0,0.0,2.0,0.0,0.0,0.0,18.0,1.0,2.0,25,0,225,75
Matt,Reynolds,P,1.72986616993,reynoma02,0,0,18,-4.61,-0.5121951219512195,1,14.0,7.0,41.0,1.0,2.0,0.0,18.0,0.0,0.0,0.0,7.0,6.0,0.0,0.0,62.0,3.0,7.0,31,5,240,77
Clayton,Richard,P,2.07540256442,richacl01,4,0,22,-3.83,-0.4251968503937008,1,47.0,7.0,127.0,1.0,1.0,2.0,23.0,3.0,0.0,0.0,18.0,3.0,4.0,0.0,181.0,0.0,18.0,32,7,245,77
Andre,Rienzo,P,1.4427258416,rienzan01,0,0,15,-5.95,-0.5084745762711864,1,17.0,13.0,59.0,1.0,1.0,1.0,14.0,0.0,0.0,0.0,13.0,2.0,3.0,0.0,89.0,5.0,14.0,27,2,190,75
Felipe,Rivero,P,5.66370941822,riverfe01,2,2,43,-2.79,-0.31724137931034485,1,35.0,11.0,145.0,1.0,2.0,1.0,49.0,0.0,0.0,0.0,15.0,2.0,2.0,1.0,189.0,17.0,15.0,24,0,200,74
Donn,Roach,P,0.101958409966,roachdo01,0,0,1,-10.8,-0.9,1,8.0,1.0,10.0,0.0,0.0,1.0,1.0,1.0,0.0,0.0,4.0,0.0,0.0,0.0,18.0,0.0,4.0,26,1,195,72
Tanner,Roark,P,7.45923596762,roarkta01,4,1,70,-4.38,-0.43543543543543545,1,119.0,26.0,333.0,5.0,3.0,7.0,40.0,12.0,0.0,0.0,54.0,17.0,0.0,0.0,467.0,8.0,55.0,29,2,235,74
Kenny,Roberts,P,0.483022352018,roberke02,0,0,5,-5.79,-0.5357142857142857,1,13.0,2.0,28.0,1.0,0.0,1.0,9.0,0.0,0.0,0.0,6.0,0.0,0.0,0.0,43.0,3.0,6.0,27,0,200,73
Kenny,Roberts,P,0.0922561076323,roberke02,1,0,1,-10.38,-0.7692307692307693,1,9.0,1.0,13.0,0.0,0.0,0.0,6.0,0.0,0.0,0.0,5.0,0.0,0.0,0.0,22.0,1.0,5.0,27,0,200,73
Clint,Robinson,OF,0.0959614645943,robincl01,0,0,1,-0.0,-0.3333333333333333,1,1.0,0.0,3.0,0.0,0.0,0.0,1.0,0.0,0.0,0.0,0.0,0.0,0.0,0.0,4.0,1.0,0.0,30,3,245,77
Hansel,Robles,P,5.81781083996,robleha01,4,0,61,-3.67,-0.3395061728395062,1,37.0,18.0,162.0,2.0,1.0,3.0,57.0,0.0,0.0,0.0,22.0,8.0,2.0,1.0,217.0,7.0,27.0,25,0,185,71
Fernando,Rodney,P,1.42090024787,rodnefe01,2,0,15,-0.75,-0.3333333333333333,1,8.0,4.0,36.0,3.0,0.0,0.0,14.0,0.0,0.0,0.0,1.0,1.0,1.0,0.0,50.0,4.0,4.0,38,13,220,71
Francisco,Rodriguez,P,35.4817215716,rodrifr03,1,38,62,-2.21,-0.28654970760233917,1,38.0,11.0,171.0,0.0,1.0,3.0,60.0,0.0,0.0,0.0,14.0,6.0,3.0,0.0,216.0,55.0,15.0,33,13,195,72
Paco,Rodriguez,P,0.769140978552,rodrist02,0,0,8,-2.61,-0.41935483870967744,1,10.0,3.0,31.0,0.0,0.0,0.0,18.0,0.0,0.0,0.0,3.0,0.0,0.0,0.0,42.0,4.0,3.0,24,3,220,75
Sergio,Romo,P,8.36967410426,romose01,0,2,71,-2.98,-0.3546511627906977,1,51.0,10.0,172.0,1.0,2.0,5.0,70.0,0.0,0.0,0.0,19.0,3.0,4.0,0.0,230.0,14.0,20.0,32,7,185,71
Hector,Rondon,P,29.8867849161,rondohe01,6,30,69,-1.67,-0.3333333333333333,1,55.0,15.0,210.0,3.0,2.0,4.0,72.0,0.0,0.0,0.0,13.0,4.0,5.0,1.0,281.0,47.0,19.0,27,2,180,75
Jorge,Rondon,P,0.14593600936,rondojo01,0,0,1,-90.0,-3.6666666666666665,1,8.0,3.0,3.0,0.0,0.0,0.0,2.0,0.0,0.0,0.0,10.0,0.0,0.0,0.0,15.0,1.0,11.0,27,1,215,73
Trevor,Rosenthal,P,45.2611591871,rosentr01,2,48,83,-2.1,-0.4223300970873786,1,62.0,25.0,206.0,1.0,3.0,4.0,68.0,0.0,0.0,0.0,16.0,3.0,7.0,0.0,287.0,57.0,16.0,25,3,220,74
Seth,Rosin,P,0.0124936361915,rosinse01,0,0,0,-22.5,-1.3333333333333333,1,7.0,1.0,6.0,1.0,0.0,0.0,1.0,0.0,0.0,0.0,5.0,1.0,1.0,0.0,14.0,1.0,5.0,27,1,265,78
Zac,Rosscup,P,2.76638194489,rosscza01,2,0,29,-4.39,-0.4875,1,26.0,13.0,80.0,0.0,0.0,1.0,33.0,0.0,0.0,0.0,13.0,5.0,1.0,0.0,118.0,6.0,13.0,27,2,220,74
David,Ross,C,0.0,rossda01,0,0,0,-0.0,-0.0,1,0.0,0.0,6.0,0.0,0.0,0.0,2.0,0.0,0.0,0.0,0.0,0.0,0.0,0.0,6.0,2.0,0.0,38,13,230,74
Joe,Ross,P,6.57601681074,rossjo01,5,0,69,-3.64,-0.3695652173913043,1,64.0,21.0,230.0,2.0,0.0,5.0,16.0,13.0,0.0,0.0,31.0,7.0,1.0,0.0,314.0,1.0,33.0,22,0,205,76
Tyson,Ross,P,20.2509498051,rossty01,10,0,212,-3.26,-0.43537414965986393,1,172.0,84.0,588.0,8.0,3.0,12.0,33.0,33.0,1.0,0.0,71.0,9.0,14.0,0.0,823.0,0.0,78.0,28,5,230,77
Chris,Rusin,P,8.19883103195,rusinch01,6,0,86,-5.33,-0.5341772151898734,1,170.0,41.0,395.0,3.0,5.0,10.0,24.0,22.0,2.0,1.0,78.0,19.0,2.0,2.0,594.0,0.0,88.0,29,3,195,74
James,Russell,P,2.69954438725,russeja02,0,1,20,-5.29,-0.5,1,42.0,9.0,102.0,0.0,2.0,2.0,49.0,0.0,0.0,0.0,20.0,3.0,0.0,0.0,148.0,8.0,24.0,29,5,205,76
Marc,Rzepczynski,P,1.63543170532,rzepcma01,0,0,17,-7.36,-0.4772727272727273,1,17.0,4.0,44.0,2.0,1.0,1.0,27.0,0.0,0.0,0.0,12.0,2.0,1.0,0.0,64.0,1.0,14.0,30,6,220,74
Casey,Sadler,P,0.47233721697,sadleca02,1,0,5,-3.6,-0.3333333333333333,1,4.0,1.0,15.0,0.0,0.0,0.0,1.0,1.0,0.0,0.0,2.0,1.0,0.0,0.0,19.0,0.0,2.0,25,1,225,76
Keyvius,Sampson,P,4.01507482096,sampske01,2,0,42,-6.54,-0.5923566878980892,1,67.0,26.0,157.0,0.0,0.0,6.0,13.0,12.0,0.0,0.0,38.0,7.0,4.0,0.0,251.0,0.0,43.0,24,0,225,74
Sergio,Santos,P,1.44204840888,santose01,0,0,15,-4.73,-0.5,1,13.0,7.0,40.0,0.0,1.0,0.0,12.0,0.0,0.0,0.0,7.0,2.0,4.0,0.0,61.0,6.0,7.0,32,5,215,76
Rob,Scahill,P,2.28560289466,scahiro01,2,0,24,-2.64,-0.532608695652174,1,33.0,16.0,92.0,1.0,5.0,4.0,28.0,0.0,0.0,0.0,9.0,3.0,1.0,0.0,142.0,13.0,15.0,28,3,220,74
Max,Scherzer,P,26.3543462098,scherma01,14,0,276,-2.79,-0.30612244897959184,1,176.0,34.0,686.0,5.0,2.0,12.0,33.0,33.0,4.0,3.0,71.0,27.0,10.0,1.0,899.0,0.0,74.0,31,7,215,75
Brian,Schlitter,P,0.378463577802,schlibr01,1,0,4,-7.36,-0.6363636363636364,1,12.0,2.0,22.0,0.0,0.0,2.0,10.0,0.0,0.0,0.0,6.0,2.0,0.0,0.0,35.0,3.0,6.0,30,5,240,77
A. J.,Schugel,P,0.482583686569,schugaj01,0,0,5,-5.0,-0.8148148148148148,1,17.0,5.0,27.0,0.0,2.0,0.0,5.0,0.0,0.0,0.0,5.0,2.0,0.0,0.0,51.0,2.0,13.0,26,0,205,72
James,Shields,P,20.6067493274,shielja02,13,0,216,-3.91,-0.44481054365733114,1,189.0,81.0,607.0,9.0,5.0,7.0,33.0,33.0,0.0,0.0,88.0,33.0,7.0,1.0,860.0,0.0,93.0,34,9,215,75
Kevin,Siegrist,P,13.2357193568,siegrke01,7,6,90,-2.17,-0.38839285714285715,1,53.0,34.0,224.0,3.0,2.0,1.0,81.0,0.0,0.0,0.0,18.0,4.0,0.0,0.0,312.0,13.0,20.0,26,2,215,77
Josh,Smith,P,2.88266976687,smithjo07,0,0,30,-6.89,-0.6428571428571429,1,42.0,21.0,98.0,5.0,3.0,4.0,9.0,7.0,0.0,0.0,25.0,5.0,0.0,0.0,161.0,0.0,27.0,28,0,220,74
Will,Smith,P,8.66770889988,smithwi04,7,0,91,-2.7,-0.4,1,52.0,24.0,190.0,1.0,1.0,2.0,76.0,0.0,0.0,0.0,19.0,5.0,5.0,0.0,264.0,11.0,23.0,26,3,260,77
Miguel,Socolovich,P,2.55409378923,socolmi01,4,0,27,-1.82,-0.39325842696629215,1,25.0,10.0,89.0,0.0,1.0,1.0,28.0,0.0,0.0,0.0,6.0,1.0,1.0,0.0,125.0,11.0,7.0,29,3,195,73
Sammy,Solis,P,1.6237526321,solissa01,1,0,17,-3.38,-0.453125,1,25.0,4.0,64.0,1.0,2.0,1.0,18.0,0.0,0.0,0.0,8.0,2.0,0.0,0.0,94.0,6.0,11.0,27,0,230,77
Joakim,Soria,P,3.46542591494,soriajo01,0,1,28,-2.03,-0.3875,1,23.0,8.0,80.0,0.0,0.0,0.0,29.0,0.0,0.0,0.0,6.0,0.0,5.0,0.0,107.0,5.0,7.0,31,8,200,75
Rafael,Soriano,P,0.368433664563,soriara01,2,0,4,-6.35,-0.5294117647058824,1,8.0,1.0,17.0,0.0,0.0,0.0,6.0,0.0,0.0,0.0,4.0,2.0,0.0,0.0,25.0,3.0,4.0,36,13,230,76
Craig,Stammen,P,0.287884393783,stammcr01,0,0,3,-0.0,-0.4166666666666667,1,2.0,3.0,12.0,0.0,1.0,0.0,5.0,0.0,0.0,0.0,0.0,0.0,0.0,0.0,17.0,0.0,0.0,31,6,230,76
Tim,Stauffer,P,0.772100582148,staufti01,0,0,8,-7.94,-0.5882352941176471,1,8.0,2.0,17.0,1.0,0.0,0.0,5.0,0.0,0.0,0.0,5.0,2.0,0.0,0.0,27.0,2.0,5.0,33,10,220,73
Matt,Stites,P,0.582687485652,stitema01,0,0,6,-12.46,-0.7307692307692307,1,14.0,5.0,26.0,0.0,0.0,0.0,11.0,0.0,0.0,0.0,12.0,1.0,0.0,0.0,44.0,6.0,14.0,25,1,195,71
Drew,Storen,P,28.9563434681,storedr01,2,29,67,-3.44,-0.3696969696969697,1,45.0,16.0,165.0,5.0,2.0,2.0,58.0,0.0,0.0,0.0,21.0,4.0,2.0,0.0,228.0,35.0,23.0,28,5,195,73
Stephen,Strasburg,P,14.77178829,strasst01,11,0,155,-3.46,-0.36910994764397903,1,115.0,26.0,382.0,3.0,0.0,7.0,23.0,23.0,0.0,0.0,49.0,14.0,4.0,0.0,523.0,0.0,56.0,27,5,230,76
Hunter,Strickland,P,4.7710263845,strichu01,3,0,50,-2.45,-0.2857142857142857,1,34.0,10.0,154.0,2.0,1.0,3.0,55.0,0.0,0.0,0.0,14.0,4.0,1.0,0.0,191.0,11.0,14.0,27,1,220,76
Pedro,Strop,P,10.0876894082,stroppe01,2,3,81,-2.91,-0.3333333333333333,1,39.0,29.0,204.0,4.0,6.0,6.0,76.0,0.0,0.0,0.0,22.0,5.0,6.0,0.0,270.0,12.0,24.0,30,6,220,73
Eric,Stults,P,2.96858466004,stulter01,1,0,31,-5.85,-0.42657342657342656,1,48.0,13.0,143.0,0.0,1.0,5.0,9.0,8.0,0.0,0.0,31.0,10.0,1.0,0.0,196.0,1.0,31.0,36,9,220,74
Eric,Surkamp,P,0.389842803749,surkaer01,0,0,4,-10.8,-0.5,1,4.0,1.0,10.0,2.0,0.0,0.0,1.0,0.0,0.0,0.0,4.0,2.0,0.0,0.0,16.0,0.0,4.0,28,4,220,77
Ichiro,Suzuki,OF,0.00499745447661,suzukic01,0,0,0,-9.0,-0.6666666666666666,1,2.0,0.0,3.0,0.0,0.0,0.0,1.0,0.0,0.0,0.0,1.0,0.0,0.0,0.0,5.0,1.0,1.0,42,14,170,71
Noah,Syndergaard,P,15.8461804161,syndeno01,9,0,166,-3.24,-0.3488888888888889,1,126.0,31.0,450.0,3.0,2.0,7.0,24.0,24.0,0.0,0.0,54.0,19.0,6.0,0.0,603.0,0.0,60.0,23,0,240,78
Julio,Teheran,P,16.3074937817,teherju01,11,0,171,-4.04,-0.43521594684385384,1,189.0,73.0,602.0,9.0,3.0,8.0,33.0,33.0,0.0,0.0,90.0,27.0,2.0,0.0,843.0,0.0,99.0,24,4,200,74
Dale,Thayer,P,2.38235284651,thayeda01,2,0,25,-4.06,-0.46017699115044247,1,37.0,15.0,113.0,0.0,4.0,2.0,38.0,0.0,0.0,0.0,17.0,5.0,2.0,0.0,158.0,5.0,17.0,35,6,210,72
Ian,Thomas,P,0.481684144764,thomaia01,0,0,5,-3.38,-0.5625,1,4.0,5.0,16.0,0.0,0.0,0.0,5.0,0.0,0.0,0.0,2.0,1.0,1.0,0.0,25.0,1.0,3.0,28,1,215,76
Ian,Thomas,P,1.72005836578,thomaia01,1,0,18,-4.0,-0.4074074074074074,1,16.0,6.0,54.0,0.0,0.0,1.0,9.0,1.0,0.0,0.0,8.0,1.0,0.0,0.0,73.0,3.0,8.0,28,1,215,76
Matt,Thornton,P,2.18938600461,thornma01,2,0,23,-2.18,-0.3548387096774194,1,33.0,11.0,124.0,1.0,3.0,1.0,60.0,0.0,0.0,0.0,10.0,2.0,1.0,0.0,171.0,12.0,12.0,39,11,235,78
Tyler,Thornburg,P,3.26472764709,thornty01,0,0,34,-3.67,-0.4174757281553398,1,31.0,12.0,103.0,3.0,1.0,2.0,24.0,0.0,0.0,0.0,14.0,7.0,3.0,1.0,151.0,9.0,22.0,27,3,190,71
Alex,Torres,P,4.13777807255,torreal01,0,1,35,-3.15,-0.5048543689320388,1,26.0,26.0,103.0,1.0,1.0,0.0,39.0,0.0,0.0,0.0,12.0,6.0,3.0,0.0,154.0,11.0,16.0,28,4,185,70
Carlos,Torres,P,4.56140353789,torreca01,5,0,48,-4.68,-0.45664739884393063,1,61.0,18.0,173.0,0.0,6.0,6.0,59.0,0.0,0.0,0.0,30.0,5.0,5.0,0.0,243.0,19.0,32.0,33,6,180,73
Blake,Treinen,P,6.22070037574,treinbl01,2,0,65,-3.86,-0.4630541871921182,1,62.0,32.0,203.0,2.0,6.0,5.0,60.0,0.0,0.0,0.0,29.0,4.0,4.0,0.0,280.0,17.0,32.0,27,1,230,77
Chin-hui,Tsao,P,0.667974920653,tsaoch01,1,0,7,-10.29,-0.8571428571428571,1,15.0,3.0,21.0,0.0,1.0,1.0,5.0,0.0,0.0,0.0,8.0,3.0,0.0,0.0,37.0,0.0,9.0,34,12,170,74
Sam,Tuivailala,P,1.92093397913,tuivasa01,0,0,20,-3.07,-0.4772727272727273,1,13.0,8.0,44.0,0.0,1.0,1.0,14.0,0.0,0.0,0.0,5.0,2.0,3.0,0.0,65.0,5.0,5.0,23,1,195,75
Jose,Urena,P,2.68036710263,urenajo01,1,0,28,-5.25,-0.5297297297297298,1,73.0,25.0,185.0,3.0,2.0,5.0,20.0,9.0,0.0,0.0,36.0,5.0,2.0,1.0,274.0,4.0,37.0,24,0,175,75
Donnie,Veal,P,0.295958059126,vealdo01,0,0,3,-14.54,-0.7692307692307693,1,8.0,2.0,13.0,1.0,0.0,0.0,5.0,0.0,0.0,0.0,7.0,3.0,2.0,0.0,24.0,2.0,7.0,31,6,235,76
Logan,Verrett,P,4.22420381662,verrelo01,1,1,36,-3.03,-0.29310344827586204,1,23.0,11.0,116.0,2.0,3.0,1.0,14.0,4.0,0.0,0.0,13.0,5.0,0.0,0.0,148.0,3.0,13.0,25,0,190,74
Carlos,Villanueva,P,6.7963976614,villaca01,4,2,55,-2.95,-0.3879781420765027,1,50.0,21.0,183.0,2.0,2.0,3.0,35.0,0.0,0.0,0.0,20.0,6.0,1.0,0.0,250.0,20.0,21.0,32,9,215,74
Pedro,Villarreal,P,2.77531241814,villape01,1,0,29,-3.42,-0.46,1,57.0,12.0,150.0,3.0,2.0,3.0,29.0,0.0,0.0,0.0,19.0,6.0,0.0,1.0,214.0,10.0,24.0,28,3,235,73
Nick,Vincent,P,2.11245711196,vinceni01,0,0,22,-2.35,-0.5072463768115942,1,25.0,10.0,69.0,0.0,1.0,1.0,26.0,0.0,0.0,0.0,6.0,0.0,0.0,0.0,100.0,8.0,8.0,29,3,180,72
Arodys,Vizcaino,P,10.5194546871,vizcaar01,3,9,37,-1.6,-0.39603960396039606,1,27.0,13.0,101.0,0.0,2.0,1.0,36.0,0.0,0.0,0.0,6.0,1.0,7.0,0.0,139.0,25.0,7.0,25,4,190,72
Ryan,Vogelsong,P,10.2812095097,vogelry01,9,0,108,-4.67,-0.4888888888888889,1,140.0,58.0,405.0,3.0,2.0,11.0,33.0,22.0,0.0,0.0,70.0,17.0,1.0,0.0,598.0,6.0,76.0,38,15,215,76
Chris,Volstad,P,0.0,volstch01,0,0,0,-0.0,-0.3333333333333333,1,2.0,0.0,6.0,0.0,0.0,0.0,1.0,0.0,0.0,0.0,0.0,0.0,0.0,0.0,7.0,0.0,0.0,29,7,230,80
Michael,Wacha,P,14.5230064123,wachami01,17,0,153,-3.38,-0.40441176470588236,1,162.0,58.0,544.0,6.0,4.0,7.0,30.0,30.0,0.0,0.0,68.0,19.0,4.0,1.0,762.0,0.0,74.0,24,2,210,78
Tsuyoshi,Wada,P,2.96734640188,wadats01,1,0,31,-3.62,-0.422680412371134,1,30.0,11.0,97.0,1.0,1.0,1.0,8.0,7.0,0.0,0.0,13.0,5.0,1.0,0.0,136.0,0.0,14.0,34,1,180,71
Tyler,Wagner,P,0.483827497461,wagnety01,0,0,5,-7.24,-0.7073170731707317,1,22.0,7.0,41.0,0.0,0.0,2.0,3.0,3.0,0.0,0.0,11.0,1.0,1.0,0.0,67.0,0.0,11.0,24,0,195,75
Adam,Wainwright,P,1.90118510538,wainwad01,2,0,20,-1.61,-0.34523809523809523,1,25.0,4.0,84.0,0.0,0.0,1.0,7.0,4.0,0.0,0.0,5.0,0.0,0.0,0.0,111.0,2.0,7.0,34,10,235,79
Jordan,Walden,P,1.92939836508,waldejo01,0,1,12,-0.87,-0.3548387096774194,1,7.0,4.0,31.0,0.0,1.0,1.0,12.0,0.0,0.0,0.0,1.0,0.0,2.0,0.0,42.0,2.0,1.0,28,5,250,77
Tony,Watson,P,6.69017272725,watsoto01,4,1,62,-1.91,-0.3185840707964602,1,55.0,17.0,226.0,4.0,1.0,1.0,77.0,0.0,0.0,0.0,16.0,3.0,1.0,0.0,293.0,4.0,17.0,30,4,225,76
Ryan,Weber,P,1.82591092544,weberry01,0,0,19,-4.76,-0.36470588235294116,1,25.0,6.0,85.0,2.0,0.0,3.0,5.0,5.0,0.0,0.0,15.0,3.0,0.0,0.0,109.0,0.0,15.0,25,0,180,72
Allen,Webster,P,1.62510194481,webstal01,1,0,17,-5.81,-0.5591397849462365,1,32.0,20.0,93.0,2.0,1.0,1.0,9.0,5.0,0.0,0.0,20.0,10.0,1.0,0.0,142.0,1.0,28.0,25,2,190,74
Matt,West,P,0.191922929189,westma03,0,0,2,-0.0,-0.3333333333333333,1,2.0,1.0,9.0,0.0,0.0,0.0,2.0,0.0,0.0,0.0,0.0,0.0,0.0,0.0,11.0,2.0,0.0,27,1,200,73
Joe,Wieland,P,0.388460174677,wielajo01,0,0,4,-8.31,-0.5769230769230769,1,10.0,5.0,26.0,0.0,1.0,1.0,2.0,2.0,0.0,0.0,8.0,2.0,0.0,0.0,40.0,0.0,8.0,25,3,205,74
Jerome,Williams,P,7.84387031326,willije02,4,1,74,-5.8,-0.5371900826446281,1,161.0,34.0,363.0,5.0,3.0,12.0,33.0,21.0,0.0,0.0,78.0,22.0,4.0,0.0,553.0,3.0,83.0,34,12,260,75
Daniel,Winkler,P,0.19791987456,winklda01,0,0,2,-10.8,-0.6,1,2.0,1.0,5.0,0.0,0.0,0.0,2.0,0.0,0.0,0.0,2.0,2.0,0.0,0.0,8.0,0.0,2.0,25,0,200,75
Matt,Wisler,P,6.83608808296,wislema01,8,0,72,-4.71,-0.48623853211009177,1,119.0,40.0,327.0,4.0,4.0,8.0,20.0,19.0,0.0,0.0,57.0,16.0,2.0,3.0,478.0,0.0,59.0,23,0,195,75
Alex,Wood,P,8.57221386437,woodal02,7,0,90,-3.54,-0.4692737430167598,1,132.0,36.0,358.0,2.0,2.0,6.0,20.0,20.0,0.0,0.0,47.0,8.0,5.0,0.0,509.0,0.0,50.0,24,2,215,76
Alex,Wood,P,4.65718176249,woodal02,5,0,49,-4.35,-0.4218009478672986,1,66.0,23.0,211.0,2.0,2.0,6.0,12.0,12.0,0.0,0.0,34.0,7.0,1.0,1.0,292.0,0.0,36.0,24,2,215,76
Travis,Wood,P,14.3877504411,woodtr01,5,4,118,-3.84,-0.4139072847682119,1,86.0,39.0,302.0,1.0,5.0,4.0,54.0,9.0,0.0,0.0,43.0,11.0,2.0,0.0,419.0,12.0,48.0,28,5,175,71
Rob,Wooten,P,0.582432060201,wootero01,0,0,6,-12.0,-0.6111111111111112,1,5.0,6.0,18.0,1.0,0.0,0.0,4.0,0.0,0.0,0.0,8.0,1.0,1.0,0.0,30.0,0.0,8.0,30,2,200,73
Vance,Worley,P,4.66646761028,worleva01,4,0,49,-4.02,-0.4744186046511628,1,81.0,21.0,215.0,2.0,3.0,6.0,23.0,8.0,0.0,0.0,32.0,6.0,3.0,0.0,310.0,6.0,36.0,28,5,250,74
Brad,Ziegler,P,26.7769710604,zieglbr01,0,30,36,-1.85,-0.31862745098039214,1,48.0,17.0,204.0,1.0,3.0,3.0,66.0,0.0,0.0,0.0,14.0,3.0,2.0,0.0,263.0,46.0,17.0,36,7,220,76
Jordan,Zimmermann,P,15.6166143503,zimmejo02,13,0,164,-3.66,-0.40165289256198344,1,204.0,39.0,605.0,8.0,3.0,10.0,33.0,33.0,0.0,0.0,82.0,24.0,2.0,1.0,831.0,0.0,89.0,29,6,225,74
